INSERT INTO user (email, firstname, lastname, pwd) VALUES ('iforza@example.net', 'Santino', 'Guarana', '$2y$10$axrPqw/0NrW1TME0tyGIVec1r9uOKrlH3wGNx6G373/iqd4v4fWGO'); /* la vera password è: IjJ6Vaek */
INSERT INTO user (email, firstname, lastname, pwd) VALUES ('temistocle75@example.com', 'Mariano', 'Comisso', '$2y$10$fDyFImVP82aASPY1HHXFBOCUQN0cS3rqfgSS/C3F9XbwDWpIZuBs6'); /* la vera password è: dt8pVmrA */
INSERT INTO user (email, firstname, lastname, pwd) VALUES ('danilo07@example.org', 'Livio', 'Tamburini', '$2y$10$JZU7XMtfzOKxM.0NCy05Pee3EGtp96rsOeVtvVwB2ddR8SK9vpOLG'); /* la vera password è: oZ1noGyR */
INSERT INTO user (email, firstname, lastname, pwd) VALUES ('iarmani@example.org', 'Riccardo', 'Trentin', '$2y$10$TuG6BKass/P/q0hygnfm2OZcf37evZ8maWrpIMcBhccDP6OpDldli'); /* la vera password è: dI4jYhpe */
INSERT INTO user (email, firstname, lastname, pwd) VALUES ('xromagnoli@example.com', 'Raffaellino', 'Binaghi', '$2y$10$goQwOIlJ869G..fumOt/1etn18csqvSwFPrhothQuwFtLR09Rff0S'); /* la vera password è: wA17EUuD */
INSERT INTO user (email, firstname, lastname, pwd) VALUES ('pierluigiserraglio@example.net', 'Salvi', 'Battisti', '$2y$10$ZwvHN33wobE60jHsuwHGc.A6KtZB7U6GjCwt36yh1FVhxOaitw55.'); /* la vera password è: Z8R7Bw4e */
INSERT INTO user (email, firstname, lastname, pwd) VALUES ('massimiliano69@example.net', 'Gioffre', 'Eco', '$2y$10$bgVKzW.1Cieym3qQZTdNsuuHXBU9a39sQh2AqGO0O8njmQ8PElboG'); /* la vera password è: 5sDZfgdq */
INSERT INTO user (email, firstname, lastname, pwd) VALUES ('lbocca@example.net', 'Geronimo', 'Vivaldi', '$2y$10$G2v4YNjk0eYP8t9dLKafVejO9jCHbld3RsdpUg2CM7OKai3SFiFcy'); /* la vera password è: C1UHeyuy */
INSERT INTO user (email, firstname, lastname, pwd) VALUES ('srossini@example.com', 'Calcedonio', 'Finzi', '$2y$10$1qGz7bNCvCGJiVn5kNr9JOsUCcN/iUGr07ZPLBjEYb56n0KXcm1D.'); /* la vera password è: 5Lj9DTgy */
INSERT INTO user (email, firstname, lastname, pwd) VALUES ('ninosoranzo@example.net', 'Giorgio', 'Cavanna', '$2y$10$Ow.ehe.WKOTt88ZcUdv1EuGt6zsqXBaRsI5JpWCZiq0zZ5FDEEqRG'); /* la vera password è: 04IPBHVc */
INSERT INTO user (email, firstname, lastname, pwd) VALUES ('tantonioni@example.com', 'Arturo', 'Ferrata', '$2y$10$1xXfuyuAcPnZbzEtps9W6uvFwAWem0j4EC0a0TfdFo1W9E2aamrxi'); /* la vera password è: 6r1K2Mv9 */
INSERT INTO user (email, firstname, lastname, pwd) VALUES ('paloma52@example.com', 'Corrado', 'Pontecorvo', '$2y$10$WH4n.IkwLRoqdOnTFlq/Aedx5f657Xy0Jaa20lbSZU0e7TgSTu7LS'); /* la vera password è: e452Vcuu */
INSERT INTO user (email, firstname, lastname, pwd) VALUES ('vmarini@example.net', 'Ferdinando', 'Babato', '$2y$10$SDiUt4MdG7hGxiklWJDvgeBa6Pmtk0IZaiMlnaUGMzLNReMLipUPW'); /* la vera password è: u4BHznUw */
INSERT INTO user (email, firstname, lastname, pwd) VALUES ('badoeraugusto@example.net', 'Gino', 'Renzi', '$2y$10$qE8sYDmnYuspvXIkyLywoe/Lz2mQ0iieNv5.Ut3/TVHqo5DkCQyB.'); /* la vera password è: h9YGavwq */
INSERT INTO user (email, firstname, lastname, pwd) VALUES ('aria17@example.com', 'Temistocle', 'Maffei', '$2y$10$LOzF9DBq7gVeWw/gx8w0au8Fpg3lXhqHS7CP8uJwV7VHsZ1mo0jFe'); /* la vera password è: t1sHMvSw */
INSERT INTO user (email, firstname, lastname, pwd) VALUES ('iolandamichelangeli@example.org', 'Azeglio', 'Leonetti', '$2y$10$QYxNOWTOw2WqiTyB1QHDee2fyvrlN9e2AKB0cRW/St7C8NPdW/Bxi'); /* la vera password è: 7TGqGUAf */
INSERT INTO user (email, firstname, lastname, pwd) VALUES ('gaspare30@example.org', 'Rosario', 'Mimun', '$2y$10$EH8UaCqFtLJxrAAdzQ8xneq3qcQBrYQG9inAYSiocEVjrXr.QDsWW'); /* la vera password è: c1TcPKrH */
INSERT INTO user (email, firstname, lastname, pwd) VALUES ('robertabombieri@example.net', 'Giacobbe', 'Modiano', '$2y$10$D6tCOO9FBUHvJXdv/JUbJ.FhKJa9xN1BCXbWMktOOAPRqcSfsT1zW'); /* la vera password è: v9BYwibT */
INSERT INTO user (email, firstname, lastname, pwd) VALUES ('osvaldobarillaro@example.com', 'Adriano', 'Odescalchi', '$2y$10$47ueIbAJOOcRX7MGEVdOrO9rZO00mxoLVSOJ.X5I.TqWz09gzDAwC'); /* la vera password è: d1QySuhm */
INSERT INTO user (email, firstname, lastname, pwd) VALUES ('ludovico48@example.com', 'Carlo', 'Boiardo', '$2y$10$.y62pg9T2MpPKaNXWG4zru9ZzcwyKgnRX0T2hWxiXsVgitn.yD11u'); /* la vera password è: 0TEgLyfP */
INSERT INTO user (email, firstname, lastname, pwd) VALUES ('treccaniallegra@example.com', 'Calogero', 'Berengario', '$2y$10$dkZ3C.9OTEdd5CGWTWqdWewpuCjtZ4rF7zGRZaUGqB5DcH9lvlbIK'); /* la vera password è: 22YmAPei */
INSERT INTO user (email, firstname, lastname, pwd) VALUES ('baccioboccherini@example.com', 'Ugo', 'Togliatti', '$2y$10$INTWfyNpGKlfDhaGO524e.XV.C2Ry3Vxobsk2FV.fGop4ljXS5V5u'); /* la vera password è: 4hpUyYve */
INSERT INTO user (email, firstname, lastname, pwd) VALUES ('pedersolielmo@example.org', 'Costanzo', 'Casini', '$2y$10$XtLOmDg30hmByY9eLvLiguaA/9VTP/g30n59FkvUEHqDi24cTbSK2'); /* la vera password è: 1WZbhxlg */
INSERT INTO user (email, firstname, lastname, pwd) VALUES ('fagottoangelina@example.com', 'Gioacchino', 'Lombardi', '$2y$10$KxgXQhpW1FnMpw/Y3o2Ih.4CMlILb/AtzDsQ8d8jleAbyDGvD1xXC'); /* la vera password è: 2u72PQ8q */
INSERT INTO user (email, firstname, lastname, pwd) VALUES ('toselliisa@example.org', 'Enzio', 'Comeriato', '$2y$10$refUL9w7YAuFexaB0GJQTeGsOYBHteHrzMVQA8KMcJLuUCELBrj/C'); /* la vera password è: 8nqZML4c */
INSERT INTO user (email, firstname, lastname, pwd) VALUES ('lina01@example.org', 'Durante', 'Lupo', '$2y$10$61tvcNKHlfHKUwcvVVUZ4e1M6yrzl8jsL2FKzog5RhRukPLw8fVXm'); /* la vera password è: 7Ui3RRbR */
INSERT INTO user (email, firstname, lastname, pwd) VALUES ('pierpaolo12@example.net', 'Giancarlo', 'Bonomo', '$2y$10$EvbUj88ja71lI9ghhJ59gezvKo.YwM1nG.R5BxxSjQJqXh3XwCchS'); /* la vera password è: u8fXaPIF */
INSERT INTO user (email, firstname, lastname, pwd) VALUES ('baccioanichini@example.org', 'Arsenio', 'Lupo', '$2y$10$F72Fp5Zzmij6/oYo4gU4FOkIBu/HjzEoR9kjWjtZb5LFV5XlZxTxG'); /* la vera password è: 0EoMnCio */
INSERT INTO user (email, firstname, lastname, pwd) VALUES ('saverio94@example.com', 'Gastone', 'Zanichelli', '$2y$10$WR2URKXBXVhQW3SyR6WfLepKJbyevAUjEw/8vvsuwPVFUKCErw6hm'); /* la vera password è: UY6CZFbf */
INSERT INTO user (email, firstname, lastname, pwd) VALUES ('graziella06@example.net', 'Giuseppe', 'Dulbecco', '$2y$10$E6Cvm5FsBdFMKFSiuNRFXeHGzDCaY.UJObokffPVtn182A6YdqK5O'); /* la vera password è: d8PAiBwR */
INSERT INTO user (email, firstname, lastname, pwd) VALUES ('liana60@example.org', 'Bernardo', 'Fo', '$2y$10$A6O9VLgeb6tjMCV4wl.PEeUSNbK0xdJNgxHdT5KQNHabfdutLxW2y'); /* la vera password è: 5GJS1VEv */
INSERT INTO user (email, firstname, lastname, pwd) VALUES ('itolentino@example.org', 'Marcello', 'Magrassi', '$2y$10$A0nkpdD18WOYQk8D8xIYC./.mY.wPkwePsI45JkqK2ZIKGDkXhw5O'); /* la vera password è: 9TQNKDpp */
INSERT INTO user (email, firstname, lastname, pwd) VALUES ('vittadelloaldo@example.com', 'Micheletto', 'Cavanna', '$2y$10$.MkUQOmz1e1OXVHZbvZuouec1EmvF9yhVzVqGq6CaTKRPB.X.Waqe'); /* la vera password è: 6r0sZNRg */
INSERT INTO user (email, firstname, lastname, pwd) VALUES ('comeriatopuccio@example.net', 'Gianmarco', 'Crisafulli', '$2y$10$tVjZCfApFGMc97mAmAJ44.FiG.eRuUfqnAMOS1pm2LlBPilN9hRFa'); /* la vera password è: J3RculxA */
INSERT INTO user (email, firstname, lastname, pwd) VALUES ('adeletartaglia@example.com', 'Alberto', 'Ossani', '$2y$10$FoQouv9mHmiI8ahvextviOqV9M07YeswBH03MZkKyCuG31t1QHBZ6'); /* la vera password è: Ax9GMiqj */
INSERT INTO user (email, firstname, lastname, pwd) VALUES ('trentinifrancesca@example.net', 'Ubaldo', 'Bajardi', '$2y$10$1U5.YQhkrP90OIxxZS9zQem3EqAmEQrO6vBWmF3hdxf0QtHvUAVl6'); /* la vera password è: Se75wGhy */
INSERT INTO user (email, firstname, lastname, pwd) VALUES ('rembrandtmichelangeli@example.com', 'Pomponio', 'Spinola', '$2y$10$xvthcoNMgrcX8lTWdbl2kOsUTdW.ks8baiBp66e7vZgrprzoE1k0q'); /* la vera password è: 7U9gZfC2 */
INSERT INTO user (email, firstname, lastname, pwd) VALUES ('obassi@example.org', 'Goffredo', 'Oliboni', '$2y$10$jsKc/iTXsbyNaj2DFqFtq.00yaqePDvAin5p3YgF4u5Gc7cWuzub.'); /* la vera password è: 258gFFUc */
INSERT INTO user (email, firstname, lastname, pwd) VALUES ('adelasia33@example.net', 'Emilio', 'Rosselli', '$2y$10$h49qspKYgOkXBXLf922PeeIlhE.0NeGPysov4PKkdJg8yegfg2aR.'); /* la vera password è: 3Yl6VXLr */
INSERT INTO user (email, firstname, lastname, pwd) VALUES ('lfilogamo@example.com', 'Piergiorgio', 'Lucarelli', '$2y$10$rPVCHUwYzZMPS36lq3O/A.cLY4JbFConvjAsmICNcuh.QAB/z6P8q'); /* la vera password è: g6QLXxdy */
INSERT INTO user (email, firstname, lastname, pwd) VALUES ('zgozzano@example.com', 'Ottone', 'Papafava', '$2y$10$8sM1.7i4jl4ojvG5Eq3w8unYx3Px8s1qc8iCHVX0qMKgwupR/aBIK'); /* la vera password è: 0PbYpJEW */
INSERT INTO user (email, firstname, lastname, pwd) VALUES ('aluciani@example.org', 'Ranieri', 'Vecellio', '$2y$10$Kep2HspMjrEs6WBeHAcfvupdmOV2cfwMp9B0.EYpyE5WRQ5LnAl12'); /* la vera password è: HY78IffR */
INSERT INTO user (email, firstname, lastname, pwd) VALUES ('bacciopederiva@example.net', 'Salvatore', 'Viola', '$2y$10$fr/FBuVUlo1thWsfquhJt.UrjoHxJpbDBZrZq1PfN2yiFKw3POUYe'); /* la vera password è: 7J3cW0sC */
INSERT INTO user (email, firstname, lastname, pwd) VALUES ('nina32@example.net', 'Lazzaro', 'Giannetti', '$2y$10$NXj/3dp4P/xKeepFgvSvi.DeX3HEOpBawYq/4sWXcemk4huwRvlQO'); /* la vera password è: 80Tfqhu8 */
INSERT INTO user (email, firstname, lastname, pwd) VALUES ('bertonialphons@example.com', 'Angelo', 'Castelli', '$2y$10$ol/9OeWJiRuXyN7iZzVLO.yTHW4i5oNUHCb1vdrhBGWhH6SShWrb2'); /* la vera password è: 7MXCurob */
INSERT INTO user (email, firstname, lastname, pwd) VALUES ('liviatozzo@example.org', 'Giulio', 'Sorrentino', '$2y$10$BMOpiXm53fm3mICEv8ayIePEsYIFxgtTUAxVZd05YptynTXC7x0yy'); /* la vera password è: k7HpT1Dr */
INSERT INTO user (email, firstname, lastname, pwd) VALUES ('albericovolta@example.org', 'Alfredo', 'Morlacchi', '$2y$10$CRXSaoBSzM2XVMp15ZSoUuLSU0QU3i5h7iatZm.HNARCZP/vnCTuO'); /* la vera password è: 4X7WEuDk */
INSERT INTO user (email, firstname, lastname, pwd) VALUES ('montanelliconcetta@example.net', 'Gian', 'Rismondo', '$2y$10$SwzbysDowzv1NMdplqr.e..YuKHTo0rtlsc/n4EthIJfRDo5b.TwK'); /* la vera password è: QV2YDHlh */
INSERT INTO user (email, firstname, lastname, pwd) VALUES ('iturati@example.org', 'Fabrizio', 'Ponti', '$2y$10$oFgzOFRIRcNvpa2ywW3OoOff9vYEH40Q9zc1knqmkAX8Li4NLfMu2'); /* la vera password è: rz03Rftp */
INSERT INTO user (email, firstname, lastname, pwd) VALUES ('lolita82@example.org', 'Enzio', 'Leblanc', '$2y$10$07muQTJBcXUkaVvV.ikEtOG95SeXZ72opnEHgfyiuz/EW7Lstt/5e'); /* la vera password è: AbMZ9HrJ */


INSERT INTO course (name, description, duration, price) VALUES ('sistemi integrate valore aggiunto', 'Maxime ea velit facere totam nihil quas deserunt atque nulla aperiam itaque suscipit voluptatibus ullam ducimus consequatur totam atque similique soluta et non repellendus atque cupiditate ea eius rerum modi quasi quam adipisci ullam laudantium vero repudiandae sequi sunt dolorum eius.', 0, 54.15);
INSERT INTO course (name, description, duration, price) VALUES ('comunità aggregate visionari', 'Exercitationem rerum quasi iste velit saepe praesentium consequuntur animi hic dignissimos consequatur quo odio nobis iure voluptates odit esse labore distinctio fuga excepturi consectetur doloremque ipsam esse voluptates molestiae nulla perspiciatis porro nihil est unde eius praesentium voluptates beatae vel mollitia fugiat voluptates debitis ut debitis unde velit aut.', 0, 19.45);
INSERT INTO course (name, description, duration, price) VALUES ('reti exploit integrate', 'Quia corrupti accusantium minus accusantium autem eius non hic consectetur reprehenderit dolore blanditiis voluptatibus quae eius ea necessitatibus necessitatibus odio reiciendis soluta blanditiis dolorem necessitatibus in nihil fugit sapiente cupiditate est nulla.', 0, 29.68);
INSERT INTO course (name, description, duration, price) VALUES ('supply-chains guida innovativi', 'Tempora delectus ullam omnis deserunt illo quam magnam aliquam quaerat facilis quae eum tenetur id natus voluptate quibusdam deleniti mollitia aut explicabo ea voluptas quos maiores soluta fugit assumenda quisquam alias dolor nihil sequi mollitia eius reprehenderit doloribus.', 0, 30.66);
INSERT INTO course (name, description, duration, price) VALUES ('webservices incentivate intuitivi', 'Aspernatur ad error numquam repellat enim ipsa quas expedita quas molestiae excepturi modi vel molestiae laboriosam qui debitis error officiis soluta quisquam repellat magni deserunt sint sint tenetur fugit reiciendis.', 0, 5.75);
INSERT INTO course (name, description, duration, price) VALUES ('partnerships aggregate mondiali', 'Eveniet autem dicta praesentium perferendis sunt ratione repellat molestiae quisquam deleniti cupiditate aspernatur soluta magnam nulla ratione iure aspernatur nam quae autem harum exercitationem ipsa cumque numquam fuga cupiditate corrupti recusandae voluptate itaque dicta et nihil doloremque in omnis perferendis officiis sed minima quis deleniti dolorem reiciendis occaecati voluptatum velit quasi corporis ipsam minima pariatur harum adipisci pariatur deleniti dignissimos quisquam dolor quod in autem tenetur beatae.', 0, 87.21);
INSERT INTO course (name, description, duration, price) VALUES ('nicchie sinergizzate open-source', 'Itaque velit hic modi temporibus ut quis dolorum inventore veniam excepturi harum ipsa veniam quo aperiam ratione culpa soluta autem perspiciatis repudiandae iusto ipsam voluptatibus fugiat omnis laboriosam incidunt perspiciatis officiis dolorum similique hic necessitatibus suscipit deleniti fugit fugiat quasi corrupti delectus.', 0, 31.21);
INSERT INTO course (name, description, duration, price) VALUES ('e-commerce ottimali wireless', 'Molestias eos voluptates alias expedita incidunt porro soluta hic alias eaque pariatur aperiam praesentium deleniti numquam repellat eius libero necessitatibus consectetur suscipit quas quos perspiciatis quo at voluptates voluptatem dolorem porro suscipit odit consequatur impedit tempora itaque culpa repellendus fugit nam voluptate veritatis suscipit dolores assumenda maiores necessitatibus neque deserunt maiores rerum nisi sapiente nihil dignissimos.', 0, 56.68);
INSERT INTO course (name, description, duration, price) VALUES ('architetture generate virali', 'Laborum quidem mollitia voluptatibus ipsam sapiente sint debitis aspernatur molestiae autem error unde dicta explicabo sed odio consequatur amet corrupti optio neque porro accusamus recusandae tenetur numquam adipisci aperiam eaque est aspernatur commodi aperiam voluptatem quia autem unde dolorem minima ad cum earum dolores pariatur aut explicabo consectetur repudiandae at cum impedit assumenda sunt debitis ab ea amet dolore ratione perspiciatis dignissimos.', 0, 53.64);
INSERT INTO course (name, description, duration, price) VALUES ('architetture migliorate cross-platform', 'Consectetur distinctio esse iure blanditiis aut dolores quis eum impedit veniam consequuntur neque quae velit veritatis illum repellat cupiditate enim doloribus officiis nobis modi natus nostrum numquam necessitatibus cum facilis corporis porro vero cumque voluptatibus sunt totam nobis id eum odit eveniet voluptatibus maxime temporibus eaque itaque eius nisi dolores enim quibusdam voluptate autem eaque mollitia illo cum asperiores sint quo aut.', 0, 94.25);
INSERT INTO course (name, description, duration, price) VALUES ('webservices transizionali magnetiche', 'Perferendis deleniti est amet facere vel nemo corporis expedita libero nisi impedit consequuntur illum nihil ut aliquid quos autem voluptas vitae distinctio sequi distinctio modi repudiandae tenetur blanditiis molestias provident fuga velit architecto aliquam quam.', 0, 57.78);
INSERT INTO course (name, description, duration, price) VALUES ('metriche target mission-critical', 'Nesciunt sit ipsam facilis autem fugit vero ratione praesentium repudiandae quam quisquam quae iste fugiat odio velit cupiditate ex voluptate quos perspiciatis ex eaque iure nihil consectetur sunt deserunt cum.', 0, 9.71);
INSERT INTO course (name, description, duration, price) VALUES ('convergenze deploy virtuali', 'Modi officia impedit temporibus a asperiores suscipit odio magnam soluta similique quidem aliquam ea sint accusantium possimus eum possimus exercitationem incidunt voluptatem voluptas quis eum repellat maiores veniam expedita sint sapiente itaque aperiam porro accusamus illum numquam ducimus nobis saepe distinctio dicta dicta quibusdam deleniti porro earum tenetur assumenda officiis corporis voluptas fuga suscipit nostrum quia quidem ipsam tempore nobis natus fugit voluptatem ad natus perspiciatis possimus dolor.', 0, 47.3);
INSERT INTO course (name, description, duration, price) VALUES ('interfacce evolutive sexy', 'Earum quam nostrum quasi ex debitis sequi consequatur accusamus vitae minima quasi ut harum id quidem modi facilis non quia rem illo magnam neque praesentium sint ipsam nobis distinctio impedit quis aliquam rem et qui doloribus cumque repellendus iure error accusantium voluptatibus laboriosam dolores adipisci iste nulla ipsa maiores unde.', 0, 22.37);
INSERT INTO course (name, description, duration, price) VALUES ('reti transizionali wireless', 'Sint debitis similique dicta ex quo consequatur veritatis rem officia eum officia facilis est numquam iste quo amet ipsum odit a similique culpa molestiae dolorem tenetur modi illo magni libero animi id esse molestiae dolor voluptatum aliquam temporibus recusandae earum officiis excepturi recusandae tempore hic est recusandae officia voluptas architecto fugiat corporis repudiandae ab.', 0, 6.94);
INSERT INTO course (name, description, duration, price) VALUES ('e-business ricontestualizzate granulari', 'Excepturi asperiores numquam adipisci accusamus hic excepturi officia doloribus expedita cum odio enim modi odit laudantium veniam at ad mollitia nam officiis libero placeat perspiciatis id natus reprehenderit eaque architecto distinctio necessitatibus sed odit quisquam excepturi dolorum.', 0, 2.74);
INSERT INTO course (name, description, duration, price) VALUES ('contenuti monetizzate proattive', 'Molestias recusandae eius officiis architecto magnam asperiores id nihil cupiditate sunt rem aspernatur quam sunt amet aliquid explicabo fugit ipsam omnis magni eius cumque dolore voluptatem dolores quos blanditiis velit blanditiis praesentium doloribus ullam est cumque odit placeat repellendus harum sit est dignissimos sunt.', 0, 83.39);
INSERT INTO course (name, description, duration, price) VALUES ('supply-chains reinventate granulari', 'Debitis fugit itaque nam nisi eius molestiae facilis magni repellendus saepe repudiandae assumenda rerum non molestias iure quisquam molestiae quaerat cumque debitis saepe vitae placeat odit cumque error temporibus temporibus praesentium tempora sapiente.', 0, 84.78);
INSERT INTO course (name, description, duration, price) VALUES ('schemi exploit strategici', 'Sed ipsa atque dolorem quam doloribus modi a odit tenetur commodi voluptatibus quaerat amet odit delectus quo eius perspiciatis assumenda corrupti reprehenderit sequi magnam cum illum sed illum sapiente nisi unde accusamus hic voluptas dicta voluptates fugiat ab quod voluptate porro distinctio numquam tempora optio esse consequuntur aspernatur accusantium ducimus modi.', 0, 79.85);
INSERT INTO course (name, description, duration, price) VALUES ('soluzioni implementate mondiali', 'Iusto cupiditate facilis laudantium vel excepturi consequatur pariatur laudantium similique vero praesentium porro excepturi tempore vitae repudiandae porro dolor deleniti sunt corporis sed cumque incidunt unde dolorem repudiandae doloremque odio unde optio sint dolores praesentium.', 0, 83.25);
INSERT INTO course (name, description, duration, price) VALUES ('schemi guida visionari', 'Nisi assumenda error eligendi deleniti sequi hic soluta quo eum recusandae fuga nostrum accusamus consequuntur tempore sint culpa doloremque fuga quaerat totam fugiat ad quasi commodi beatae sit ipsum quae repellat possimus blanditiis vel quis saepe explicabo modi vitae a doloremque numquam harum aut deleniti architecto necessitatibus deleniti vel quod natus ab laboriosam quasi distinctio occaecati.', 0, 20.94);
INSERT INTO course (name, description, duration, price) VALUES ('relazioni guida out-of-the-box', 'Rerum eum praesentium aliquam ad ipsam eius consequatur optio veritatis fuga quaerat porro ea dolores aliquam nulla doloribus praesentium explicabo suscipit tempore voluptatibus libero repellendus dolores ut amet optio ad deleniti dolore aut dolore facilis harum consequuntur voluptatibus iste officia distinctio quaerat dicta nihil esse exercitationem.', 0, 9.9);
INSERT INTO course (name, description, duration, price) VALUES ('contenuti integrate globali', 'Id laudantium quia hic voluptatem quod voluptate aliquid dicta ab repudiandae omnis impedit perferendis beatae vel expedita perferendis tenetur nesciunt possimus possimus provident voluptas omnis nulla illo odio debitis odit facere et alias.', 0, 44.39);
INSERT INTO course (name, description, duration, price) VALUES ('nicchie strategiche real-time', 'Numquam sequi nam numquam necessitatibus atque dolor ea nisi deleniti dicta quod perspiciatis quia eos deleniti repudiandae consectetur atque occaecati doloribus delectus officiis molestias nulla ex maiores sit deserunt doloremque quos dolor dolorum maiores sequi sapiente facilis architecto repudiandae occaecati tempora ullam rerum fugiat dolor odio quod officiis laudantium illo.', 0, 42.69);
INSERT INTO course (name, description, duration, price) VALUES ('modelli strategiche front-end', 'Asperiores amet est aliquam non officia quasi illo suscipit ipsa odit cumque veniam esse quaerat aliquam quis praesentium necessitatibus commodi eum quasi ipsa consectetur mollitia quasi ipsam iure deserunt ea quibusdam iure modi magni amet deserunt perspiciatis eveniet dolore alias exercitationem facilis maxime veritatis maiores consequuntur quod molestias repellat error occaecati expedita iusto facilis blanditiis eius nihil perferendis facere enim ab illo ut tempora aspernatur rem est nihil saepe.', 0, 50.43);
INSERT INTO course (name, description, duration, price) VALUES ('convergenze ricontestualizzate real-time', 'Placeat voluptatem itaque expedita nisi placeat consequatur quaerat porro nostrum accusamus voluptates numquam eos laboriosam dolores culpa similique quia quis optio labore recusandae incidunt doloremque omnis commodi illum atque laboriosam ea adipisci voluptatem reprehenderit.', 0, 77.3);
INSERT INTO course (name, description, duration, price) VALUES ('modelli incentivate mission-critical', 'Aspernatur eveniet asperiores laborum expedita laborum dolorem facere culpa quia temporibus corporis doloribus tempora nihil adipisci dolores blanditiis nemo omnis eius facere ipsa ullam vel quod laboriosam recusandae consequatur praesentium odit voluptas neque accusantium magnam esse tempore maiores ullam quasi provident culpa veniam earum similique id in culpa doloremque sed excepturi cumque iusto molestias rem placeat nulla tenetur saepe neque.', 0, 5.54);
INSERT INTO course (name, description, duration, price) VALUES ('reti sinergizzate B2B', 'Et sint quaerat officia repellat assumenda magnam rem architecto accusamus laudantium recusandae quasi soluta provident quo officiis ullam aliquid veritatis alias cupiditate natus fuga ratione earum suscipit minima porro illo pariatur sed tenetur quaerat odit nisi dolorem quis commodi adipisci neque corrupti illo exercitationem accusantium unde facere.', 0, 14.26);
INSERT INTO course (name, description, duration, price) VALUES ('supply-chains accrescitive real-time', 'Mollitia fugiat vel repellendus sit corrupti doloremque harum laboriosam consectetur hic reiciendis cum ex officiis iste aliquam voluptatibus vitae placeat nihil error dignissimos fugit dolorum corporis omnis doloribus laborum ex officia velit dignissimos nemo distinctio vel esse earum ad nam voluptas aliquam vel eius minima accusantium saepe assumenda totam.', 0, 77.51);
INSERT INTO course (name, description, duration, price) VALUES ('e-commerce massimizzate verticalizzate', 'Dolorum sequi earum porro cupiditate maiores voluptatibus velit minima blanditiis quibusdam ad similique enim molestias a doloribus illo possimus nihil veniam deserunt voluptatibus placeat nulla ab rerum laborum ab in impedit dolores quis id dolorum itaque porro.', 0, 67.97);
INSERT INTO course (name, description, duration, price) VALUES ('soluzioni innovazione magnetiche', 'Quae vitae eveniet explicabo eum aut esse sequi maiores odio dolore alias magnam aspernatur voluptatibus veniam sequi est libero recusandae consequatur laboriosam libero voluptatum sed dolorum eligendi voluptatum deleniti in iusto nostrum sapiente non quo perferendis culpa occaecati itaque tempore tenetur voluptatibus veritatis et quos laudantium asperiores eligendi exercitationem reiciendis alias expedita aspernatur impedit vitae saepe eveniet fugit provident molestiae voluptatum ducimus magnam ipsam quia.', 0, 56.45);
INSERT INTO course (name, description, duration, price) VALUES ('e-business integrate magnetiche', 'Sed odio autem labore in harum iste eligendi aspernatur nisi numquam voluptas temporibus dignissimos maiores ex earum incidunt velit iusto magnam blanditiis soluta minus fuga expedita quia possimus atque suscipit porro incidunt iure quibusdam earum molestias odit dolorem distinctio amet totam vitae dolorem magnam nobis saepe laborum culpa eum.', 0, 32.93);
INSERT INTO course (name, description, duration, price) VALUES ('reti matrici sinergiche', 'Ducimus earum impedit beatae labore aperiam sequi dolore voluptates tenetur distinctio occaecati iusto aperiam sunt fugiat reiciendis esse aliquam beatae soluta fugit sint voluptatibus ducimus ipsa enim blanditiis hic repellendus repudiandae odit quae iusto quod cupiditate expedita accusamus inventore incidunt repudiandae in accusamus.', 0, 10.8);
INSERT INTO course (name, description, duration, price) VALUES ('soluzioni implementate real-time', 'Quod eos iusto sunt reiciendis officia veritatis totam adipisci repellendus repellendus officia recusandae ipsum vitae consequuntur fugiat natus eaque vitae sapiente magnam in laborum temporibus minima commodi quibusdam dolores illo autem sint exercitationem reiciendis harum atque aperiam eligendi sapiente illum nesciunt recusandae pariatur aut architecto velit error nemo ipsam accusantium eos accusamus molestias dolores ut reiciendis ipsam rem vel.', 0, 25.29);
INSERT INTO course (name, description, duration, price) VALUES ('e-business matrici rivoluzionari', 'Molestiae odit perspiciatis quibusdam a voluptas est soluta ipsa occaecati aspernatur eius harum eligendi quod quibusdam eligendi repellat iure saepe aperiam odio sequi quasi perspiciatis sint aliquam placeat voluptatum illum ipsa delectus sint sequi sapiente.', 0, 83.16);
INSERT INTO course (name, description, duration, price) VALUES ('supply-chains strategiche di impatto', 'Accusantium laboriosam nesciunt rem voluptate ipsum explicabo laboriosam doloremque aspernatur unde nulla incidunt occaecati tempora optio repellat aliquam sequi perspiciatis sed a consequatur at soluta rem culpa distinctio hic cum nobis necessitatibus provident possimus rerum voluptatibus odio ducimus illum praesentium ex iste vitae iure et.', 0, 6.23);
INSERT INTO course (name, description, duration, price) VALUES ('architetture ricontestualizzate intuitivi', 'Doloremque iure explicabo dignissimos saepe sit dolores fuga deleniti fugit ducimus voluptatum consequuntur laborum error repudiandae architecto cumque illum molestias vel velit magni quaerat labore harum laborum culpa a labore soluta earum voluptates iste dignissimos.', 0, 14.99);
INSERT INTO course (name, description, duration, price) VALUES ('tecnologie estensioni back-end', 'Similique sint beatae rerum aperiam quo architecto sequi voluptates architecto temporibus doloremque consectetur assumenda minus incidunt eum ipsum eum unde dolor hic dicta sit ducimus tenetur ratione impedit repellendus iusto nam illum ea recusandae harum perspiciatis inventore praesentium enim deleniti quasi repellat molestias at eligendi perferendis dolores blanditiis voluptatem optio rem in laboriosam illum magni iusto quos nesciunt alias ex sint.', 0, 93.14);
INSERT INTO course (name, description, duration, price) VALUES ('e-services deploy verticalizzate', 'Aliquam optio quod odit provident et a maiores nihil laudantium quis labore minus tempore minus iste reprehenderit voluptatum ullam eaque deleniti incidunt tempore ex cumque quibusdam amet fugiat molestias consequuntur velit et ipsum odit autem sit perspiciatis dolorem.', 0, 22.77);
INSERT INTO course (name, description, duration, price) VALUES ('e-business transizionali front-end', 'Quaerat delectus mollitia architecto soluta consequatur autem facere quidem ab velit est possimus quidem est possimus dolore blanditiis saepe alias vitae ipsum incidunt explicabo fugiat molestias sapiente sint excepturi excepturi mollitia aperiam vitae ad officiis deserunt nesciunt at earum reprehenderit id quibusdam voluptas placeat.', 0, 61.89);
INSERT INTO course (name, description, duration, price) VALUES ('funzionalità reinventate web', 'Doloribus sapiente amet deleniti inventore nihil eos totam accusamus deleniti nemo necessitatibus natus harum accusamus illum nulla assumenda autem in quis quidem vel quos animi quod qui doloremque alias iure suscipit nesciunt dicta est eius quibusdam molestiae provident at reiciendis fugit dolores voluptatem earum itaque animi culpa dicta possimus minus laborum consequatur occaecati quibusdam ullam sapiente cum aut dicta beatae accusantium culpa dignissimos deserunt unde maiores.', 0, 44.34);
INSERT INTO course (name, description, duration, price) VALUES ('e-services matrici forti', 'Perferendis porro excepturi impedit exercitationem repudiandae et cumque reprehenderit sunt eum vel deleniti corporis voluptates nihil ex libero dolorem voluptates tempora adipisci dolorem omnis dolorum labore occaecati quaerat sunt pariatur id quos voluptatibus laborum nostrum dignissimos.', 0, 23.97);
INSERT INTO course (name, description, duration, price) VALUES ('funzionalità generate forti', 'Eos eaque illum similique molestiae tenetur consequuntur mollitia iste ullam officiis nihil enim vel ratione sed enim minima reiciendis aspernatur nostrum rem inventore occaecati adipisci repudiandae vero excepturi perferendis asperiores pariatur delectus ratione eius quaerat et hic itaque ipsam repellendus sunt temporibus aliquid beatae consequatur labore excepturi quia omnis occaecati itaque.', 0, 6.59);
INSERT INTO course (name, description, duration, price) VALUES ('metodologie guida collaborative', 'Cum recusandae harum sed facere doloribus unde dolores pariatur nemo ad officia ullam eaque reiciendis delectus animi enim recusandae vel sapiente minima tempora earum magnam provident porro consequuntur deserunt exercitationem voluptatem.', 0, 87.85);
INSERT INTO course (name, description, duration, price) VALUES ('sistemi ricontestualizzate mondiali', 'Quis reprehenderit consequuntur delectus dolorem explicabo commodi eligendi saepe mollitia iure quae voluptate natus excepturi fugiat eligendi tempora aliquid tempora adipisci pariatur at corrupti iusto non architecto commodi dolores quaerat optio reiciendis mollitia vel laudantium ullam tempora animi architecto odio itaque accusantium maiores laborum expedita nemo distinctio vitae labore exercitationem quam veniam iure quia sequi veritatis.', 0, 1.39);
INSERT INTO course (name, description, duration, price) VALUES ('contenuti implementate 24/7', 'Esse aut natus optio commodi laboriosam quia inventore vero velit pariatur fugit nihil impedit veritatis repellendus earum omnis perferendis provident repellat libero sint nulla exercitationem eum labore a accusantium non impedit.', 0, 74.32);
INSERT INTO course (name, description, duration, price) VALUES ('mercati integrate strategici', 'Recusandae veritatis amet sequi ipsa quas quaerat quod error soluta sunt rerum asperiores accusantium iste unde eum blanditiis aliquam quas non officia repellendus veniam corporis delectus iusto dolor incidunt ipsa quo quas recusandae provident sunt in dolorum ipsam quibusdam saepe ratione.', 0, 36.82);
INSERT INTO course (name, description, duration, price) VALUES ('comunità sintetizzate estensibili', 'Facere nam voluptate necessitatibus harum cum eaque voluptate maiores necessitatibus minus ad dolor voluptate magni fuga aut tenetur dolores laudantium eaque eum quod dolorem sapiente reiciendis atque accusantium incidunt odit illo sunt nesciunt quibusdam nobis incidunt earum optio voluptatum labore placeat pariatur et officia.', 0, 66.58);
INSERT INTO course (name, description, duration, price) VALUES ('funzionalità aggregate B2B', 'Sit minus officiis quis culpa cum dolor veniam ratione suscipit veritatis quasi quia reiciendis odit quos beatae nihil omnis iusto placeat eum ea aut eum facilis eaque commodi dolor delectus debitis neque cum hic aspernatur inventore a perspiciatis et necessitatibus explicabo tenetur deserunt.', 0, 32.74);
INSERT INTO course (name, description, duration, price) VALUES ('esperienze deploy estensibili', 'Voluptas quo occaecati temporibus dicta labore quisquam quasi aliquid eius ea nulla aliquid earum ratione atque recusandae eligendi quisquam velit sunt mollitia praesentium ipsa fugiat dolores accusamus adipisci animi unde eos repellat veritatis quisquam.', 0, 22.79);


INSERT INTO video (title, duration, type, filename, id_course) VALUES ('soluzioni generate B2B', 62, 'mp4', 'url', 1);
INSERT INTO video (title, duration, type, filename, id_course) VALUES ('metodologie utilizzo globali', 87, 'YT', 'url', 2);
INSERT INTO video (title, duration, type, filename, id_course) VALUES ('mercati spedizioni strategici', 387, 'YT', 'url', 3);
INSERT INTO video (title, duration, type, filename, id_course) VALUES ('nicchie incentivate plug-and-play', 369, 'mp4', 'url', 4);
INSERT INTO video (title, duration, type, filename, id_course) VALUES ('metodologie guida proattive', 225, 'mp4', 'url', 5);
INSERT INTO video (title, duration, type, filename, id_course) VALUES ('modelli estensioni di impatto', 298, 'YT', 'url', 6);
INSERT INTO video (title, duration, type, filename, id_course) VALUES ('sistemi sinergizzate cross-platform', 416, 'YT', 'url', 7);
INSERT INTO video (title, duration, type, filename, id_course) VALUES ('interfacce exploit enterprise', 393, 'mp4', 'url', 8);
INSERT INTO video (title, duration, type, filename, id_course) VALUES ('relazioni ottimali next-generation', 81, 'YT', 'url', 9);
INSERT INTO video (title, duration, type, filename, id_course) VALUES ('contenuti sintetizzate collaborative', 79, 'mp4', 'url', 10);
INSERT INTO video (title, duration, type, filename, id_course) VALUES ('e-services marchi di impatto', 178, 'mp4', 'url', 11);
INSERT INTO video (title, duration, type, filename, id_course) VALUES ('supply-chains exploit 24/7', 159, 'YT', 'url', 12);
INSERT INTO video (title, duration, type, filename, id_course) VALUES ('supply-chains reinventate mission-critical', 304, 'mp4', 'url', 13);
INSERT INTO video (title, duration, type, filename, id_course) VALUES ('supply-chains migliorate 24/7', 256, 'YT', 'url', 14);
INSERT INTO video (title, duration, type, filename, id_course) VALUES ('interfacce marchi web', 164, 'YT', 'url', 15);
INSERT INTO video (title, duration, type, filename, id_course) VALUES ('e-commerce sinergizzate strategici', 493, 'mp4', 'url', 16);
INSERT INTO video (title, duration, type, filename, id_course) VALUES ('soluzioni incentivate enterprise', 319, 'YT', 'url', 17);
INSERT INTO video (title, duration, type, filename, id_course) VALUES ('interfacce estensioni next-generation', 554, 'mp4', 'url', 18);
INSERT INTO video (title, duration, type, filename, id_course) VALUES ('metodologie guida plug-and-play', 228, 'YT', 'url', 19);
INSERT INTO video (title, duration, type, filename, id_course) VALUES ('partnerships implementate forti', 385, 'YT', 'url', 20);
INSERT INTO video (title, duration, type, filename, id_course) VALUES ('schemi aggregate enterprise', 417, 'mp4', 'url', 21);
INSERT INTO video (title, duration, type, filename, id_course) VALUES ('tecnologie ottimali virali', 283, 'YT', 'url', 22);
INSERT INTO video (title, duration, type, filename, id_course) VALUES ('funzionalità target scalabili', 140, 'YT', 'url', 23);
INSERT INTO video (title, duration, type, filename, id_course) VALUES ('relazioni ricontestualizzate out-of-the-box', 438, 'mp4', 'url', 24);
INSERT INTO video (title, duration, type, filename, id_course) VALUES ('tecnologie migliorate strategici', 24, 'mp4', 'url', 25);
INSERT INTO video (title, duration, type, filename, id_course) VALUES ('webservices strategiche collaborative', 558, 'mp4', 'url', 26);
INSERT INTO video (title, duration, type, filename, id_course) VALUES ('comunità exploit olistiche', 188, 'mp4', 'url', 27);
INSERT INTO video (title, duration, type, filename, id_course) VALUES ('partnerships generate B2B', 56, 'mp4', 'url', 28);
INSERT INTO video (title, duration, type, filename, id_course) VALUES ('metriche sintetizzate virali', 349, 'YT', 'url', 29);
INSERT INTO video (title, duration, type, filename, id_course) VALUES ('esperienze aggregate wireless', 491, 'mp4', 'url', 30);
INSERT INTO video (title, duration, type, filename, id_course) VALUES ('metodologie target plug-and-play', 140, 'YT', 'url', 31);
INSERT INTO video (title, duration, type, filename, id_course) VALUES ('metriche matrici plug-and-play', 79, 'YT', 'url', 32);
INSERT INTO video (title, duration, type, filename, id_course) VALUES ('contenuti generate web', 248, 'mp4', 'url', 33);
INSERT INTO video (title, duration, type, filename, id_course) VALUES ('metodologie integrate collaborative', 47, 'YT', 'url', 34);
INSERT INTO video (title, duration, type, filename, id_course) VALUES ('e-business generate collaborative', 226, 'mp4', 'url', 35);
INSERT INTO video (title, duration, type, filename, id_course) VALUES ('convergenze accrescitive virtuali', 325, 'mp4', 'url', 36);
INSERT INTO video (title, duration, type, filename, id_course) VALUES ('metriche generate globali', 49, 'mp4', 'url', 37);
INSERT INTO video (title, duration, type, filename, id_course) VALUES ('convergenze target virtuali', 49, 'YT', 'url', 38);
INSERT INTO video (title, duration, type, filename, id_course) VALUES ('convergenze massimizzate distributivi', 472, 'mp4', 'url', 39);
INSERT INTO video (title, duration, type, filename, id_course) VALUES ('ROI spedizioni distributivi', 537, 'mp4', 'url', 40);
INSERT INTO video (title, duration, type, filename, id_course) VALUES ('sistemi generate mission-critical', 152, 'mp4', 'url', 41);
INSERT INTO video (title, duration, type, filename, id_course) VALUES ('supply-chains generate plug-and-play', 496, 'YT', 'url', 42);
INSERT INTO video (title, duration, type, filename, id_course) VALUES ('tecnologie generate di impatto', 199, 'YT', 'url', 43);
INSERT INTO video (title, duration, type, filename, id_course) VALUES ('e-business estensioni globali', 345, 'YT', 'url', 44);
INSERT INTO video (title, duration, type, filename, id_course) VALUES ('mercati abilitate B2C', 449, 'mp4', 'url', 45);
INSERT INTO video (title, duration, type, filename, id_course) VALUES ('reti integrate e-business', 90, 'mp4', 'url', 46);
INSERT INTO video (title, duration, type, filename, id_course) VALUES ('e-commerce sintetizzate integrate', 222, 'mp4', 'url', 47);
INSERT INTO video (title, duration, type, filename, id_course) VALUES ('supply-chains implementate sexy', 41, 'YT', 'url', 48);
INSERT INTO video (title, duration, type, filename, id_course) VALUES ('e-commerce integrate wireless', 267, 'mp4', 'url', 49);
INSERT INTO video (title, duration, type, filename, id_course) VALUES ('reti abilitate globali', 328, 'YT', 'url', 50);


INSERT INTO field (field_name) VALUES ('DESIGN DEL PRODOTTO E DELLA COMUNICAZIONE');
INSERT INTO field (field_name) VALUES ('DESIGN DEL PRODOTTO NAUTICO');
INSERT INTO field (field_name) VALUES ('SCIENZE DELL ARCHITETTURA');
INSERT INTO field (field_name) VALUES ('ECONOMIA AZIENDALE');
INSERT INTO field (field_name) VALUES ('ECONOMIA DELLE AZIENDE MARITTIME, DELLA LOGISTICA E DEI TRASPORTI');
INSERT INTO field (field_name) VALUES ('SCIENZE DEL TURISMO: IMPRESA, CULTURA E TERRITORIO');
INSERT INTO field (field_name) VALUES ('SCIENZE ECONOMICHE E FINANZIARIE');
INSERT INTO field (field_name) VALUES ('DIRITTO ED ECONOMIA DELLE IMPRESE');
INSERT INTO field (field_name) VALUES ('SERVIZI LEGALI ALL IMPRESA E ALLA PUBBLICA AMMINISTRAZIONE');
INSERT INTO field (field_name) VALUES ('SERVIZIO SOCIALE');
INSERT INTO field (field_name) VALUES ('INGEGNERIA BIOMEDICA');
INSERT INTO field (field_name) VALUES ('INGEGNERIA CHIMICA E DI PROCESSO');
INSERT INTO field (field_name) VALUES ('INGEGNERIA CIVILE, EDILE E AMBIENTALE');
INSERT INTO field (field_name) VALUES ('INGEGNERIA DELL ENERGIA');
INSERT INTO field (field_name) VALUES ('INGEGNERIA ELETTRICA');
INSERT INTO field (field_name) VALUES ('INGEGNERIA ELETTRONICA E TECNOLOGIE DELL INFORMAZIONE');
INSERT INTO field (field_name) VALUES ('INGEGNERIA GESTIONALE');
INSERT INTO field (field_name) VALUES ('INGEGNERIA INFORMATICA');
INSERT INTO field (field_name) VALUES ('INGEGNERIA MECCANICA');
INSERT INTO field (field_name) VALUES ('INGEGNERIA NAUTICA');
INSERT INTO field (field_name) VALUES ('INGEGNERIA NAVALE');
INSERT INTO field (field_name) VALUES ('SCIENZE E CULTURE AGROALIMENTARI DEL MEDITERRANEO');
INSERT INTO field (field_name) VALUES ('TECNOLOGIE INDUSTRIALI');
INSERT INTO field (field_name) VALUES ('TECNOLOGIE PER L EDILIZIA E IL TERRITORIO');
INSERT INTO field (field_name) VALUES ('CONSERVAZIONE DEI BENI CULTURALI');
INSERT INTO field (field_name) VALUES ('FILOSOFIA');
INSERT INTO field (field_name) VALUES ('LETTERE');
INSERT INTO field (field_name) VALUES ('STORIA');
INSERT INTO field (field_name) VALUES ('LINGUE E CULTURE MODERNE');
INSERT INTO field (field_name) VALUES ('TEORIE E TECNICHE DELLA MEDIAZIONE INTERLINGUISTICA');
INSERT INTO field (field_name) VALUES ('ASSISTENZA SANITARIA');
INSERT INTO field (field_name) VALUES ('BIOTECNOLOGIE');
INSERT INTO field (field_name) VALUES ('DIETISTICA');
INSERT INTO field (field_name) VALUES ('EDUCAZIONE PROFESSIONALE');
INSERT INTO field (field_name) VALUES ('FISIOTERAPIA');
INSERT INTO field (field_name) VALUES ('IGIENE DENTALE');
INSERT INTO field (field_name) VALUES ('INFERMIERISTICA');
INSERT INTO field (field_name) VALUES ('INFERMIERISTICA PEDIATRICA');
INSERT INTO field (field_name) VALUES ('LOGOPEDIA');
INSERT INTO field (field_name) VALUES ('ORTOTTICA ED ASSISTENZA OFTALMOLOGICA');
INSERT INTO field (field_name) VALUES ('OSTETRICIA');
INSERT INTO field (field_name) VALUES ('PODOLOGIA');
INSERT INTO field (field_name) VALUES ('SCIENZE MOTORIE, SPORT E SALUTE');
INSERT INTO field (field_name) VALUES ('TECNICA DELLA RIABILITAZIONE PSICHIATRICA');
INSERT INTO field (field_name) VALUES ('TECNICHE DELLA PREVENZIONE NELL AMBIENTE E NEI LUOGHI DI LAVORO');
INSERT INTO field (field_name) VALUES ('TECNICHE DI FISIOPATOLOGIA CARDIOCIRCOLATORIA E PERFUSIONE CARDIOVASCOLARE');
INSERT INTO field (field_name) VALUES ('TECNICHE DI LABORATORIO BIOMEDICO');
INSERT INTO field (field_name) VALUES ('TECNICHE DI NEUROFISIOPATOLOGIA');
INSERT INTO field (field_name) VALUES ('TECNICHE DI RADIOLOGIA MEDICA, PER IMMAGINI E RADIOTERAPIA');
INSERT INTO field (field_name) VALUES ('TECNICHE ORTOPEDICHE');
INSERT INTO field (field_name) VALUES ('TERAPIA DELLA NEURO E PSICOMOTRICITA DELL ETA EVOLUTIVA');
INSERT INTO field (field_name) VALUES ('MEDIA, COMUNICAZIONE E SOCIETÀ');
INSERT INTO field (field_name) VALUES ('SCIENZE DELL EDUCAZIONE E DELLA FORMAZIONE');
INSERT INTO field (field_name) VALUES ('SCIENZE E TECNICHE PSICOLOGICHE');
INSERT INTO field (field_name) VALUES ('CHIMICA E TECNOLOGIE CHIMICHE');
INSERT INTO field (field_name) VALUES ('FISICA');
INSERT INTO field (field_name) VALUES ('INFORMATICA');
INSERT INTO field (field_name) VALUES ('MATEMATICA');
INSERT INTO field (field_name) VALUES ('SCIENZA DEI MATERIALI');
INSERT INTO field (field_name) VALUES ('SCIENZE AMBIENTALI E NATURALI');
INSERT INTO field (field_name) VALUES ('SCIENZE BIOLOGICHE');
INSERT INTO field (field_name) VALUES ('SCIENZE GEOLOGICHE');
INSERT INTO field (field_name) VALUES ('STATISTICA MATEMATICA E TRATTAMENTO INFORMATICO DEI DATI');
INSERT INTO field (field_name) VALUES ('POLITICHE, GOVERNANCE E INFORMAZIONE DELLO SPORT');
INSERT INTO field (field_name) VALUES ('SCIENZE DELL AMMINISTRAZIONE E DELLA POLITICA');
INSERT INTO field (field_name) VALUES ('SCIENZE INTERNAZIONALI E DIPLOMATICHE');


INSERT INTO belong (id_course, field_name) VALUES (1, 'SCIENZE BIOLOGICHE');
INSERT INTO belong (id_course, field_name) VALUES (2, 'MEDIA, COMUNICAZIONE E SOCIETÀ');
INSERT INTO belong (id_course, field_name) VALUES (3, 'SCIENZE DELL ARCHITETTURA');
INSERT INTO belong (id_course, field_name) VALUES (4, 'INGEGNERIA ELETTRICA');
INSERT INTO belong (id_course, field_name) VALUES (5, 'INGEGNERIA DELL ENERGIA');
INSERT INTO belong (id_course, field_name) VALUES (6, 'TECNOLOGIE PER L EDILIZIA E IL TERRITORIO');
INSERT INTO belong (id_course, field_name) VALUES (7, 'INGEGNERIA DELL ENERGIA');
INSERT INTO belong (id_course, field_name) VALUES (8, 'SCIENZE GEOLOGICHE');
INSERT INTO belong (id_course, field_name) VALUES (9, 'IGIENE DENTALE');
INSERT INTO belong (id_course, field_name) VALUES (10, 'INGEGNERIA BIOMEDICA');
INSERT INTO belong (id_course, field_name) VALUES (11, 'SCIENZE DELL ARCHITETTURA');
INSERT INTO belong (id_course, field_name) VALUES (12, 'TECNICHE ORTOPEDICHE');
INSERT INTO belong (id_course, field_name) VALUES (13, 'SCIENZE AMBIENTALI E NATURALI');
INSERT INTO belong (id_course, field_name) VALUES (14, 'TECNOLOGIE INDUSTRIALI');
INSERT INTO belong (id_course, field_name) VALUES (15, 'TECNICHE DI FISIOPATOLOGIA CARDIOCIRCOLATORIA E PERFUSIONE CARDIOVASCOLARE');
INSERT INTO belong (id_course, field_name) VALUES (16, 'SCIENZE E TECNICHE PSICOLOGICHE');
INSERT INTO belong (id_course, field_name) VALUES (17, 'STORIA');
INSERT INTO belong (id_course, field_name) VALUES (18, 'EDUCAZIONE PROFESSIONALE');
INSERT INTO belong (id_course, field_name) VALUES (19, 'SERVIZIO SOCIALE');
INSERT INTO belong (id_course, field_name) VALUES (20, 'TECNOLOGIE PER L EDILIZIA E IL TERRITORIO');
INSERT INTO belong (id_course, field_name) VALUES (21, 'SERVIZIO SOCIALE');
INSERT INTO belong (id_course, field_name) VALUES (22, 'ECONOMIA DELLE AZIENDE MARITTIME, DELLA LOGISTICA E DEI TRASPORTI');
INSERT INTO belong (id_course, field_name) VALUES (23, 'INFORMATICA');
INSERT INTO belong (id_course, field_name) VALUES (24, 'DIETISTICA');
INSERT INTO belong (id_course, field_name) VALUES (25, 'FILOSOFIA');
INSERT INTO belong (id_course, field_name) VALUES (26, 'ASSISTENZA SANITARIA');
INSERT INTO belong (id_course, field_name) VALUES (27, 'TECNICHE DELLA PREVENZIONE NELL AMBIENTE E NEI LUOGHI DI LAVORO');
INSERT INTO belong (id_course, field_name) VALUES (28, 'TERAPIA DELLA NEURO E PSICOMOTRICITA DELL ETA EVOLUTIVA');
INSERT INTO belong (id_course, field_name) VALUES (29, 'DIRITTO ED ECONOMIA DELLE IMPRESE');
INSERT INTO belong (id_course, field_name) VALUES (30, 'INGEGNERIA BIOMEDICA');
INSERT INTO belong (id_course, field_name) VALUES (31, 'SCIENZE E TECNICHE PSICOLOGICHE');
INSERT INTO belong (id_course, field_name) VALUES (32, 'INGEGNERIA CHIMICA E DI PROCESSO');
INSERT INTO belong (id_course, field_name) VALUES (33, 'POLITICHE, GOVERNANCE E INFORMAZIONE DELLO SPORT');
INSERT INTO belong (id_course, field_name) VALUES (34, 'SCIENZE E TECNICHE PSICOLOGICHE');
INSERT INTO belong (id_course, field_name) VALUES (35, 'CONSERVAZIONE DEI BENI CULTURALI');
INSERT INTO belong (id_course, field_name) VALUES (36, 'STORIA');
INSERT INTO belong (id_course, field_name) VALUES (37, 'INGEGNERIA NAVALE');
INSERT INTO belong (id_course, field_name) VALUES (38, 'TECNICHE DI FISIOPATOLOGIA CARDIOCIRCOLATORIA E PERFUSIONE CARDIOVASCOLARE');
INSERT INTO belong (id_course, field_name) VALUES (39, 'ASSISTENZA SANITARIA');
INSERT INTO belong (id_course, field_name) VALUES (40, 'MATEMATICA');
INSERT INTO belong (id_course, field_name) VALUES (41, 'BIOTECNOLOGIE');
INSERT INTO belong (id_course, field_name) VALUES (42, 'INGEGNERIA INFORMATICA');
INSERT INTO belong (id_course, field_name) VALUES (43, 'TEORIE E TECNICHE DELLA MEDIAZIONE INTERLINGUISTICA');
INSERT INTO belong (id_course, field_name) VALUES (44, 'LETTERE');
INSERT INTO belong (id_course, field_name) VALUES (45, 'LINGUE E CULTURE MODERNE');
INSERT INTO belong (id_course, field_name) VALUES (46, 'TEORIE E TECNICHE DELLA MEDIAZIONE INTERLINGUISTICA');
INSERT INTO belong (id_course, field_name) VALUES (47, 'INGEGNERIA MECCANICA');
INSERT INTO belong (id_course, field_name) VALUES (48, 'INGEGNERIA INFORMATICA');
INSERT INTO belong (id_course, field_name) VALUES (49, 'ORTOTTICA ED ASSISTENZA OFTALMOLOGICA');
INSERT INTO belong (id_course, field_name) VALUES (50, 'TECNICHE DELLA PREVENZIONE NELL AMBIENTE E NEI LUOGHI DI LAVORO');


INSERT INTO follow (email_user, id_course) VALUES ('vmarini@example.net', 20);
INSERT INTO follow (email_user, id_course) VALUES ('bertonialphons@example.com', 45);
INSERT INTO follow (email_user, id_course) VALUES ('iforza@example.net', 24);
INSERT INTO follow (email_user, id_course) VALUES ('bacciopederiva@example.net', 6);
INSERT INTO follow (email_user, id_course) VALUES ('montanelliconcetta@example.net', 15);
INSERT INTO follow (email_user, id_course) VALUES ('baccioanichini@example.org', 5);
INSERT INTO follow (email_user, id_course) VALUES ('adelasia33@example.net', 7);
INSERT INTO follow (email_user, id_course) VALUES ('saverio94@example.com', 18);
INSERT INTO follow (email_user, id_course) VALUES ('lfilogamo@example.com', 37);
INSERT INTO follow (email_user, id_course) VALUES ('iforza@example.net', 39);
INSERT INTO follow (email_user, id_course) VALUES ('vittadelloaldo@example.com', 15);
INSERT INTO follow (email_user, id_course) VALUES ('baccioanichini@example.org', 17);
INSERT INTO follow (email_user, id_course) VALUES ('lbocca@example.net', 2);
INSERT INTO follow (email_user, id_course) VALUES ('obassi@example.org', 30);
INSERT INTO follow (email_user, id_course) VALUES ('srossini@example.com', 31);
INSERT INTO follow (email_user, id_course) VALUES ('iturati@example.org', 11);
INSERT INTO follow (email_user, id_course) VALUES ('liviatozzo@example.org', 29);
INSERT INTO follow (email_user, id_course) VALUES ('aria17@example.com', 24);
INSERT INTO follow (email_user, id_course) VALUES ('montanelliconcetta@example.net', 48);
INSERT INTO follow (email_user, id_course) VALUES ('nina32@example.net', 38);
INSERT INTO follow (email_user, id_course) VALUES ('liana60@example.org', 13);
INSERT INTO follow (email_user, id_course) VALUES ('iolandamichelangeli@example.org', 8);
INSERT INTO follow (email_user, id_course) VALUES ('pierpaolo12@example.net', 14);
INSERT INTO follow (email_user, id_course) VALUES ('iturati@example.org', 23);
INSERT INTO follow (email_user, id_course) VALUES ('fagottoangelina@example.com', 11);
INSERT INTO follow (email_user, id_course) VALUES ('graziella06@example.net', 9);
INSERT INTO follow (email_user, id_course) VALUES ('danilo07@example.org', 14);
INSERT INTO follow (email_user, id_course) VALUES ('tantonioni@example.com', 12);
INSERT INTO follow (email_user, id_course) VALUES ('lfilogamo@example.com', 30);
INSERT INTO follow (email_user, id_course) VALUES ('lina01@example.org', 3);
INSERT INTO follow (email_user, id_course) VALUES ('temistocle75@example.com', 28);
INSERT INTO follow (email_user, id_course) VALUES ('aluciani@example.org', 11);
INSERT INTO follow (email_user, id_course) VALUES ('toselliisa@example.org', 40);
INSERT INTO follow (email_user, id_course) VALUES ('lolita82@example.org', 12);
INSERT INTO follow (email_user, id_course) VALUES ('pierluigiserraglio@example.net', 9);
INSERT INTO follow (email_user, id_course) VALUES ('badoeraugusto@example.net', 8);
INSERT INTO follow (email_user, id_course) VALUES ('badoeraugusto@example.net', 15);
INSERT INTO follow (email_user, id_course) VALUES ('liana60@example.org', 6);
INSERT INTO follow (email_user, id_course) VALUES ('baccioanichini@example.org', 43);
INSERT INTO follow (email_user, id_course) VALUES ('treccaniallegra@example.com', 4);
INSERT INTO follow (email_user, id_course) VALUES ('comeriatopuccio@example.net', 7);
INSERT INTO follow (email_user, id_course) VALUES ('liana60@example.org', 27);
INSERT INTO follow (email_user, id_course) VALUES ('tantonioni@example.com', 20);
INSERT INTO follow (email_user, id_course) VALUES ('graziella06@example.net', 23);
INSERT INTO follow (email_user, id_course) VALUES ('iturati@example.org', 40);
INSERT INTO follow (email_user, id_course) VALUES ('gaspare30@example.org', 49);
INSERT INTO follow (email_user, id_course) VALUES ('pedersolielmo@example.org', 25);
INSERT INTO follow (email_user, id_course) VALUES ('osvaldobarillaro@example.com', 50);
INSERT INTO follow (email_user, id_course) VALUES ('pedersolielmo@example.org', 34);
INSERT INTO follow (email_user, id_course) VALUES ('zgozzano@example.com', 46);


INSERT INTO evaluate (email_user, id_course, feedback, vote) VALUES ('vmarini@example.net', 20, 'NULL',1.0);
INSERT INTO evaluate (email_user, id_course, feedback, vote) VALUES ('bertonialphons@example.com', 45, 'NULL',1.1);
INSERT INTO evaluate (email_user, id_course, feedback, vote) VALUES ('iforza@example.net', 24, 'NULL',3.7);
INSERT INTO evaluate (email_user, id_course, feedback, vote) VALUES ('bacciopederiva@example.net', 6, 'NULL',0.5);
INSERT INTO evaluate (email_user, id_course, feedback, vote) VALUES ('montanelliconcetta@example.net', 15, 'NULL',2.6);
INSERT INTO evaluate (email_user, id_course, feedback, vote) VALUES ('baccioanichini@example.org', 5, 'NULL',3.8);
INSERT INTO evaluate (email_user, id_course, feedback, vote) VALUES ('adelasia33@example.net', 7, 'NULL',4.5);
INSERT INTO evaluate (email_user, id_course, feedback, vote) VALUES ('saverio94@example.com', 18, 'NULL',0.6);
INSERT INTO evaluate (email_user, id_course, feedback, vote) VALUES ('lfilogamo@example.com', 37, 'NULL',1.1);
INSERT INTO evaluate (email_user, id_course, feedback, vote) VALUES ('iforza@example.net', 39, 'NULL',1.7);
INSERT INTO evaluate (email_user, id_course, feedback, vote) VALUES ('vittadelloaldo@example.com', 15, 'NULL',1.5);
INSERT INTO evaluate (email_user, id_course, feedback, vote) VALUES ('baccioanichini@example.org', 17, 'NULL',0.6);
INSERT INTO evaluate (email_user, id_course, feedback, vote) VALUES ('lbocca@example.net', 2, 'NULL',2.5);
INSERT INTO evaluate (email_user, id_course, feedback, vote) VALUES ('obassi@example.org', 30, 'NULL',3.6);
INSERT INTO evaluate (email_user, id_course, feedback, vote) VALUES ('srossini@example.com', 31, 'NULL',1.5);
INSERT INTO evaluate (email_user, id_course, feedback, vote) VALUES ('iturati@example.org', 11, 'NULL',4.2);
INSERT INTO evaluate (email_user, id_course, feedback, vote) VALUES ('liviatozzo@example.org', 29, 'NULL',0.3);
INSERT INTO evaluate (email_user, id_course, feedback, vote) VALUES ('aria17@example.com', 24, 'NULL',4.6);
INSERT INTO evaluate (email_user, id_course, feedback, vote) VALUES ('montanelliconcetta@example.net', 48, 'NULL',4.8);
INSERT INTO evaluate (email_user, id_course, feedback, vote) VALUES ('nina32@example.net', 38, 'NULL',0.0);
INSERT INTO evaluate (email_user, id_course, feedback, vote) VALUES ('liana60@example.org', 13, 'NULL',0.5);
INSERT INTO evaluate (email_user, id_course, feedback, vote) VALUES ('iolandamichelangeli@example.org', 8, 'NULL',0.8);
INSERT INTO evaluate (email_user, id_course, feedback, vote) VALUES ('pierpaolo12@example.net', 14, 'NULL',4.7);
INSERT INTO evaluate (email_user, id_course, feedback, vote) VALUES ('iturati@example.org', 23, 'NULL',0.9);
INSERT INTO evaluate (email_user, id_course, feedback, vote) VALUES ('fagottoangelina@example.com', 11, 'NULL',1.7);
INSERT INTO evaluate (email_user, id_course, feedback, vote) VALUES ('graziella06@example.net', 9, 'NULL',2.2);
INSERT INTO evaluate (email_user, id_course, feedback, vote) VALUES ('danilo07@example.org', 14, 'NULL',2.4);
INSERT INTO evaluate (email_user, id_course, feedback, vote) VALUES ('tantonioni@example.com', 12, 'NULL',3.0);
INSERT INTO evaluate (email_user, id_course, feedback, vote) VALUES ('lfilogamo@example.com', 30, 'NULL',0.2);
INSERT INTO evaluate (email_user, id_course, feedback, vote) VALUES ('lina01@example.org', 3, 'NULL',4.5);
INSERT INTO evaluate (email_user, id_course, feedback, vote) VALUES ('temistocle75@example.com', 28, 'NULL',0.2);
INSERT INTO evaluate (email_user, id_course, feedback, vote) VALUES ('aluciani@example.org', 11, 'NULL',2.8);
INSERT INTO evaluate (email_user, id_course, feedback, vote) VALUES ('toselliisa@example.org', 40, 'NULL',1.4);
INSERT INTO evaluate (email_user, id_course, feedback, vote) VALUES ('lolita82@example.org', 12, 'NULL',4.2);
INSERT INTO evaluate (email_user, id_course, feedback, vote) VALUES ('pierluigiserraglio@example.net', 9, 'NULL',4.2);
INSERT INTO evaluate (email_user, id_course, feedback, vote) VALUES ('badoeraugusto@example.net', 8, 'NULL',4.6);
INSERT INTO evaluate (email_user, id_course, feedback, vote) VALUES ('badoeraugusto@example.net', 15, 'NULL',0.3);
INSERT INTO evaluate (email_user, id_course, feedback, vote) VALUES ('liana60@example.org', 6, 'NULL',1.2);
INSERT INTO evaluate (email_user, id_course, feedback, vote) VALUES ('baccioanichini@example.org', 43, 'NULL',4.9);
INSERT INTO evaluate (email_user, id_course, feedback, vote) VALUES ('treccaniallegra@example.com', 4, 'NULL',0.2);
INSERT INTO evaluate (email_user, id_course, feedback, vote) VALUES ('comeriatopuccio@example.net', 7, 'NULL',0.6);
INSERT INTO evaluate (email_user, id_course, feedback, vote) VALUES ('liana60@example.org', 27, 'NULL',0.0);
INSERT INTO evaluate (email_user, id_course, feedback, vote) VALUES ('tantonioni@example.com', 20, 'NULL',2.4);
INSERT INTO evaluate (email_user, id_course, feedback, vote) VALUES ('graziella06@example.net', 23, 'NULL',1.3);
INSERT INTO evaluate (email_user, id_course, feedback, vote) VALUES ('iturati@example.org', 40, 'NULL',0.7);
INSERT INTO evaluate (email_user, id_course, feedback, vote) VALUES ('gaspare30@example.org', 49, 'NULL',1.6);
INSERT INTO evaluate (email_user, id_course, feedback, vote) VALUES ('pedersolielmo@example.org', 25, 'NULL',3.3);
INSERT INTO evaluate (email_user, id_course, feedback, vote) VALUES ('osvaldobarillaro@example.com', 50, 'NULL',0.0);
INSERT INTO evaluate (email_user, id_course, feedback, vote) VALUES ('pedersolielmo@example.org', 34, 'NULL',2.9);
INSERT INTO evaluate (email_user, id_course, feedback, vote) VALUES ('zgozzano@example.com', 46, 'NULL',4.0);


INSERT INTO teach (email_user, id_course) VALUES ('bacciopederiva@example.net', 46);
INSERT INTO teach (email_user, id_course) VALUES ('liviatozzo@example.org', 30);
INSERT INTO teach (email_user, id_course) VALUES ('montanelliconcetta@example.net', 43);
INSERT INTO teach (email_user, id_course) VALUES ('vmarini@example.net', 26);
INSERT INTO teach (email_user, id_course) VALUES ('vittadelloaldo@example.com', 46);
INSERT INTO teach (email_user, id_course) VALUES ('vmarini@example.net', 38);
INSERT INTO teach (email_user, id_course) VALUES ('vmarini@example.net', 50);
INSERT INTO teach (email_user, id_course) VALUES ('toselliisa@example.org', 20);
INSERT INTO teach (email_user, id_course) VALUES ('treccaniallegra@example.com', 36);
INSERT INTO teach (email_user, id_course) VALUES ('graziella06@example.net', 25);
INSERT INTO teach (email_user, id_course) VALUES ('vittadelloaldo@example.com', 15);
INSERT INTO teach (email_user, id_course) VALUES ('osvaldobarillaro@example.com', 37);
INSERT INTO teach (email_user, id_course) VALUES ('pierpaolo12@example.net', 45);
INSERT INTO teach (email_user, id_course) VALUES ('aluciani@example.org', 12);
INSERT INTO teach (email_user, id_course) VALUES ('iarmani@example.org', 6);
INSERT INTO teach (email_user, id_course) VALUES ('paloma52@example.com', 40);
INSERT INTO teach (email_user, id_course) VALUES ('iforza@example.net', 5);
INSERT INTO teach (email_user, id_course) VALUES ('lina01@example.org', 40);
INSERT INTO teach (email_user, id_course) VALUES ('obassi@example.org', 48);
INSERT INTO teach (email_user, id_course) VALUES ('pedersolielmo@example.org', 45);
INSERT INTO teach (email_user, id_course) VALUES ('iturati@example.org', 14);
INSERT INTO teach (email_user, id_course) VALUES ('fagottoangelina@example.com', 11);
INSERT INTO teach (email_user, id_course) VALUES ('srossini@example.com', 46);
INSERT INTO teach (email_user, id_course) VALUES ('albericovolta@example.org', 18);
INSERT INTO teach (email_user, id_course) VALUES ('robertabombieri@example.net', 33);
INSERT INTO teach (email_user, id_course) VALUES ('iturati@example.org', 32);
INSERT INTO teach (email_user, id_course) VALUES ('vmarini@example.net', 43);
INSERT INTO teach (email_user, id_course) VALUES ('liana60@example.org', 28);
INSERT INTO teach (email_user, id_course) VALUES ('toselliisa@example.org', 22);
INSERT INTO teach (email_user, id_course) VALUES ('saverio94@example.com', 17);
INSERT INTO teach (email_user, id_course) VALUES ('comeriatopuccio@example.net', 20);
INSERT INTO teach (email_user, id_course) VALUES ('baccioboccherini@example.com', 26);
INSERT INTO teach (email_user, id_course) VALUES ('lfilogamo@example.com', 42);
INSERT INTO teach (email_user, id_course) VALUES ('rembrandtmichelangeli@example.com', 37);
INSERT INTO teach (email_user, id_course) VALUES ('vittadelloaldo@example.com', 23);
INSERT INTO teach (email_user, id_course) VALUES ('ninosoranzo@example.net', 25);
INSERT INTO teach (email_user, id_course) VALUES ('ludovico48@example.com', 25);
INSERT INTO teach (email_user, id_course) VALUES ('massimiliano69@example.net', 25);
INSERT INTO teach (email_user, id_course) VALUES ('aria17@example.com', 32);
INSERT INTO teach (email_user, id_course) VALUES ('graziella06@example.net', 2);
INSERT INTO teach (email_user, id_course) VALUES ('bacciopederiva@example.net', 1);
INSERT INTO teach (email_user, id_course) VALUES ('vittadelloaldo@example.com', 47);
INSERT INTO teach (email_user, id_course) VALUES ('albericovolta@example.org', 17);
INSERT INTO teach (email_user, id_course) VALUES ('adeletartaglia@example.com', 16);
INSERT INTO teach (email_user, id_course) VALUES ('bacciopederiva@example.net', 25);
INSERT INTO teach (email_user, id_course) VALUES ('iturati@example.org', 40);
INSERT INTO teach (email_user, id_course) VALUES ('temistocle75@example.com', 36);
INSERT INTO teach (email_user, id_course) VALUES ('rembrandtmichelangeli@example.com', 39);
INSERT INTO teach (email_user, id_course) VALUES ('comeriatopuccio@example.net', 40);
INSERT INTO teach (email_user, id_course) VALUES ('nina32@example.net', 24);
