INSERT INTO user (email, firstname, lastname, pwd) VALUES ('wschicchi@example.net', 'Massimiliano', 'Olivetti', 'Could not open input file: C:/path/to/hash.php\n'); /* la vera password è: 2pXQBeWV */
INSERT INTO user (email, firstname, lastname, pwd) VALUES ('fbosurgi@example.org', 'Arnaldo', 'Celentano', 'Could not open input file: C:/path/to/hash.php\n'); /* la vera password è: U3qQv7qT */
INSERT INTO user (email, firstname, lastname, pwd) VALUES ('stellaiannuzzi@example.org', 'Fredo', 'Dossi', 'Could not open input file: C:/path/to/hash.php\n'); /* la vera password è: v3CYpNwi */
INSERT INTO user (email, firstname, lastname, pwd) VALUES ('mduse@example.org', 'Donatello', 'Giolitti', 'Could not open input file: C:/path/to/hash.php\n'); /* la vera password è: 5nuDXhS6 */
INSERT INTO user (email, firstname, lastname, pwd) VALUES ('ovenier@example.net', 'Ferdinando', 'Zabarella', 'Could not open input file: C:/path/to/hash.php\n'); /* la vera password è: JU0LQq7q */
INSERT INTO user (email, firstname, lastname, pwd) VALUES ('iolandaagazzi@example.org', 'Santino', 'Garozzo', 'Could not open input file: C:/path/to/hash.php\n'); /* la vera password è: 8T9Ogfs1 */
INSERT INTO user (email, firstname, lastname, pwd) VALUES ('donna31@example.com', 'Enzo', 'Interiano', 'Could not open input file: C:/path/to/hash.php\n'); /* la vera password è: 2D2YAof0 */
INSERT INTO user (email, firstname, lastname, pwd) VALUES ('biancacrispi@example.net', 'Giacinto', 'Pezzali', 'Could not open input file: C:/path/to/hash.php\n'); /* la vera password è: E35GDuQS */
INSERT INTO user (email, firstname, lastname, pwd) VALUES ('giannacilea@example.net', 'Pompeo', 'Giannetti', 'Could not open input file: C:/path/to/hash.php\n'); /* la vera password è: AD2SD0Jj */
INSERT INTO user (email, firstname, lastname, pwd) VALUES ('sandro90@example.org', 'Gioffre', 'Galuppi', 'Could not open input file: C:/path/to/hash.php\n'); /* la vera password è: 8EyKt8rK */
INSERT INTO user (email, firstname, lastname, pwd) VALUES ('griselda72@example.org', 'Giacinto', 'Scarlatti', 'Could not open input file: C:/path/to/hash.php\n'); /* la vera password è: U97vFGKg */
INSERT INTO user (email, firstname, lastname, pwd) VALUES ('paolucciaugusto@example.com', 'Carmelo', 'Pontecorvo', 'Could not open input file: C:/path/to/hash.php\n'); /* la vera password è: C8DxgWIK */
INSERT INTO user (email, firstname, lastname, pwd) VALUES ('arturorubbia@example.net', 'Federigo', 'Mondadori', 'Could not open input file: C:/path/to/hash.php\n'); /* la vera password è: x3Cj12NU */
INSERT INTO user (email, firstname, lastname, pwd) VALUES ('valerio93@example.com', 'Vincenzo', 'Casellati', 'Could not open input file: C:/path/to/hash.php\n'); /* la vera password è: Z8goCle8 */
INSERT INTO user (email, firstname, lastname, pwd) VALUES ('froth@example.com', 'Gianpietro', 'Lollobrigida', 'Could not open input file: C:/path/to/hash.php\n'); /* la vera password è: 39n5GroO */
INSERT INTO user (email, firstname, lastname, pwd) VALUES ('gianluigibaracca@example.org', 'Girolamo', 'Gaiatto', 'Could not open input file: C:/path/to/hash.php\n'); /* la vera password è: Qxb56OdB */
INSERT INTO user (email, firstname, lastname, pwd) VALUES ('patriziotravaglia@example.org', 'Ferdinando', 'Udinese', 'Could not open input file: C:/path/to/hash.php\n'); /* la vera password è: 1PgMin71 */
INSERT INTO user (email, firstname, lastname, pwd) VALUES ('hdandolo@example.net', 'Ottone', 'Carocci', 'Could not open input file: C:/path/to/hash.php\n'); /* la vera password è: S6o6Hgz5 */
INSERT INTO user (email, firstname, lastname, pwd) VALUES ('bernardiugolino@example.com', 'Luchino', 'Ferragni', 'Could not open input file: C:/path/to/hash.php\n'); /* la vera password è: 4lCMLrfx */
INSERT INTO user (email, firstname, lastname, pwd) VALUES ('cantimoricarolina@example.net', 'Gastone', 'Balbo', 'Could not open input file: C:/path/to/hash.php\n'); /* la vera password è: u1WGizj7 */
INSERT INTO user (email, firstname, lastname, pwd) VALUES ('giolittigiorgio@example.org', 'Michelangelo', 'Infantino', 'Could not open input file: C:/path/to/hash.php\n'); /* la vera password è: K4C9nVAa */
INSERT INTO user (email, firstname, lastname, pwd) VALUES ('xforza@example.net', 'Arnulfo', 'Micca', 'Could not open input file: C:/path/to/hash.php\n'); /* la vera password è: Fi7DLELc */
INSERT INTO user (email, firstname, lastname, pwd) VALUES ('salvimimun@example.net', 'Ottavio', 'Moschino', 'Could not open input file: C:/path/to/hash.php\n'); /* la vera password è: 8ldRzXVv */
INSERT INTO user (email, firstname, lastname, pwd) VALUES ('trentingianna@example.com', 'Fiorino', 'Scarlatti', 'Could not open input file: C:/path/to/hash.php\n'); /* la vera password è: Fr2B5KKd */
INSERT INTO user (email, firstname, lastname, pwd) VALUES ('gcasellati@example.net', 'Massimo', 'Brunello', 'Could not open input file: C:/path/to/hash.php\n'); /* la vera password è: k3MwU7Cq */
INSERT INTO user (email, firstname, lastname, pwd) VALUES ('cagnottomelissa@example.org', 'Marco', 'Grasso', 'Could not open input file: C:/path/to/hash.php\n'); /* la vera password è: Ce7Vniwq */
INSERT INTO user (email, firstname, lastname, pwd) VALUES ('sbeccaria@example.net', 'Claudio', 'Tamburi', 'Could not open input file: C:/path/to/hash.php\n'); /* la vera password è: C324QOCu */
INSERT INTO user (email, firstname, lastname, pwd) VALUES ('rodolfo92@example.org', 'Nicolò', 'Eco', 'Could not open input file: C:/path/to/hash.php\n'); /* la vera password è: 0YA4c9RQ */
INSERT INTO user (email, firstname, lastname, pwd) VALUES ('egaltarossa@example.org', 'Enzio', 'Trobbiani', 'Could not open input file: C:/path/to/hash.php\n'); /* la vera password è: c9L5pRrS */
INSERT INTO user (email, firstname, lastname, pwd) VALUES ('leonardozampa@example.com', 'Fulvio', 'Trapanese', 'Could not open input file: C:/path/to/hash.php\n'); /* la vera password è: m38PPlsa */
INSERT INTO user (email, firstname, lastname, pwd) VALUES ('zgaribaldi@example.com', 'Nico', 'Sauli', 'Could not open input file: C:/path/to/hash.php\n'); /* la vera password è: tShY6YxL */
INSERT INTO user (email, firstname, lastname, pwd) VALUES ('taliercioisa@example.com', 'Giulio', 'Padovano', 'Could not open input file: C:/path/to/hash.php\n'); /* la vera password è: EK2PqCrY */
INSERT INTO user (email, firstname, lastname, pwd) VALUES ('aschiaparelli@example.com', 'Antonino', 'Taccola', 'Could not open input file: C:/path/to/hash.php\n'); /* la vera password è: 4BDiDeov */
INSERT INTO user (email, firstname, lastname, pwd) VALUES ('calogeroiadanza@example.net', 'Ezio', 'Bazzi', 'Could not open input file: C:/path/to/hash.php\n'); /* la vera password è: 3R31hgy7 */
INSERT INTO user (email, firstname, lastname, pwd) VALUES ('romanabarese@example.net', 'Puccio', 'Nordio', 'Could not open input file: C:/path/to/hash.php\n'); /* la vera password è: ANM3d8Hv */
INSERT INTO user (email, firstname, lastname, pwd) VALUES ('brogginililla@example.com', 'Ippazio', 'Cimini', 'Could not open input file: C:/path/to/hash.php\n'); /* la vera password è: i9TqHeiq */
INSERT INTO user (email, firstname, lastname, pwd) VALUES ('gianluca90@example.com', 'Marcantonio', 'Lucarelli', 'Could not open input file: C:/path/to/hash.php\n'); /* la vera password è: 26CmSWen */
INSERT INTO user (email, firstname, lastname, pwd) VALUES ('caterina59@example.com', 'Luigi', 'Ajello', 'Could not open input file: C:/path/to/hash.php\n'); /* la vera password è: Rv3bOax6 */
INSERT INTO user (email, firstname, lastname, pwd) VALUES ('ramonadibiasi@example.org', 'Uberto', 'Cortese', 'Could not open input file: C:/path/to/hash.php\n'); /* la vera password è: zs7NLtIC */
INSERT INTO user (email, firstname, lastname, pwd) VALUES ('paola50@example.org', 'Durante', 'Carducci', 'Could not open input file: C:/path/to/hash.php\n'); /* la vera password è: E5aQrs8g */
INSERT INTO user (email, firstname, lastname, pwd) VALUES ('sandicamilla@example.net', 'Santino', 'Franceschi', 'Could not open input file: C:/path/to/hash.php\n'); /* la vera password è: L9W6ubcT */
INSERT INTO user (email, firstname, lastname, pwd) VALUES ('renata45@example.com', 'Camillo', 'Puccini', 'Could not open input file: C:/path/to/hash.php\n'); /* la vera password è: I2sZHUk2 */
INSERT INTO user (email, firstname, lastname, pwd) VALUES ('wbattelli@example.net', 'Corrado', 'Mercati', 'Could not open input file: C:/path/to/hash.php\n'); /* la vera password è: 43R3NWgO */
INSERT INTO user (email, firstname, lastname, pwd) VALUES ('barzinielvira@example.net', 'Antonio', 'Zoppetti', 'Could not open input file: C:/path/to/hash.php\n'); /* la vera password è: Ae8LFrh0 */
INSERT INTO user (email, firstname, lastname, pwd) VALUES ('kvolta@example.net', 'Carlo', 'Montanari', 'Could not open input file: C:/path/to/hash.php\n'); /* la vera password è: g6jOGqlj */
INSERT INTO user (email, firstname, lastname, pwd) VALUES ('martino45@example.com', 'Ippazio', 'Tremonti', 'Could not open input file: C:/path/to/hash.php\n'); /* la vera password è: I5YR3jv5 */
INSERT INTO user (email, firstname, lastname, pwd) VALUES ('marisa77@example.com', 'Gioele', 'Ricciardi', 'Could not open input file: C:/path/to/hash.php\n'); /* la vera password è: NzI7I1zG */
INSERT INTO user (email, firstname, lastname, pwd) VALUES ('liverottimirko@example.com', 'Giulio', 'Fabrizi', 'Could not open input file: C:/path/to/hash.php\n'); /* la vera password è: j0QJIoms */
INSERT INTO user (email, firstname, lastname, pwd) VALUES ('tcicala@example.com', 'Jacopo', 'Cadorna', 'Could not open input file: C:/path/to/hash.php\n'); /* la vera password è: 7A8RLvjN */
INSERT INTO user (email, firstname, lastname, pwd) VALUES ('interminelliilaria@example.org', 'Donato', 'Sbarbaro', 'Could not open input file: C:/path/to/hash.php\n'); /* la vera password è: 67iPqymN */


INSERT INTO course (name, description, duration, price) VALUES ('nicchie strategiche verticalizzate', 'Non quaerat perferendis architecto eligendi a sunt sed pariatur pariatur expedita eveniet harum ex reiciendis deserunt repudiandae debitis ipsa provident repellat totam vero laborum laboriosam illo asperiores vitae eos ipsum ea cum temporibus accusamus minima culpa est culpa rerum ullam nam sint consequuntur accusamus illo impedit veniam non incidunt officia explicabo eligendi consectetur reprehenderit.', 0, 39.41);
INSERT INTO course (name, description, duration, price) VALUES ('comunità generate cutting-edge', 'Consequatur enim earum excepturi voluptate molestiae quis pariatur ut provident delectus at consequuntur nam cumque harum ea iusto neque unde nostrum illo pariatur voluptate autem ut excepturi perferendis laborum alias illo dolores.', 0, 19.0);
INSERT INTO course (name, description, duration, price) VALUES ('sistemi deploy strategici', 'Placeat saepe eveniet error iste explicabo minus suscipit consequuntur voluptatem totam nisi explicabo ut pariatur nulla rem vel quibusdam nulla occaecati assumenda ipsum architecto consequuntur cumque excepturi sunt optio iure dicta dolorem non fugit pariatur illum facilis blanditiis vero ipsa dicta sit sequi repudiandae eum laborum dolor molestiae laudantium esse saepe atque nisi qui quae aliquam veritatis eaque non delectus iure tempora maiores sit cumque eveniet.', 0, 87.86);
INSERT INTO course (name, description, duration, price) VALUES ('comunità integrate web', 'Ipsum hic unde a eveniet dolorum vero ex a rem unde quae qui perspiciatis assumenda error iure natus possimus maiores esse necessitatibus temporibus impedit corrupti ullam tenetur tenetur cum deserunt molestias in possimus consectetur atque occaecati excepturi repellat aut accusamus excepturi velit excepturi ducimus nesciunt odio sapiente id eos similique sapiente dignissimos aperiam explicabo dolorum totam dignissimos reiciendis.', 0, 36.22);
INSERT INTO course (name, description, duration, price) VALUES ('esperienze marchi granulari', 'Temporibus tempore ad unde harum nostrum accusamus eaque architecto a quis facere alias officiis velit dolores non quo eaque reprehenderit odit error expedita porro officia porro quae laboriosam quis nostrum quas consequuntur dolorem neque nihil cumque quasi quam veniam sunt corporis ducimus tempore ratione voluptates maiores asperiores illum labore consequuntur ratione corrupti.', 0, 12.33);
INSERT INTO course (name, description, duration, price) VALUES ('nicchie deploy virali', 'Natus omnis suscipit consectetur ratione laborum illum doloribus dolorem sint quibusdam harum modi quae aperiam nemo eveniet nulla quia quas animi quo deserunt numquam voluptas repellat quae autem doloribus maiores sint tenetur provident amet amet dignissimos qui perspiciatis pariatur magni natus rem doloremque placeat quae voluptatibus impedit amet quaerat voluptatum porro perferendis odit natus error.', 0, 70.99);
INSERT INTO course (name, description, duration, price) VALUES ('e-commerce massimizzate collaborative', 'Cum veritatis autem iure quae molestiae maxime molestiae nulla nemo unde ab mollitia culpa dolorum cum numquam officiis voluptate sapiente ratione repudiandae modi quam officiis omnis accusamus odio libero et asperiores sapiente ratione voluptates sint nobis accusantium ab tempore tempora alias facilis quia adipisci distinctio modi ipsam.', 0, 27.08);
INSERT INTO course (name, description, duration, price) VALUES ('convergenze target cross-platform', 'Ab earum fuga ex perferendis cum earum ea sed tenetur unde laborum quae provident eos vel in reiciendis expedita modi officia labore optio reiciendis laboriosam at eum ad nulla nobis earum velit maxime consectetur error exercitationem eveniet doloribus harum eos esse vero soluta expedita id blanditiis quis quibusdam voluptate eius vitae tenetur labore libero dicta optio eum reiciendis saepe praesentium.', 0, 87.33);
INSERT INTO course (name, description, duration, price) VALUES ('contenuti ottimali efficienti', 'Quidem itaque odio ab fuga consequatur tempore totam voluptatum laudantium pariatur mollitia doloribus adipisci dicta illo similique nulla culpa quidem totam ipsa quisquam ad beatae itaque distinctio magnam id dolorum mollitia dicta reprehenderit deleniti.', 0, 88.04);
INSERT INTO course (name, description, duration, price) VALUES ('modelli massimizzate back-end', 'Dicta eum voluptatum modi facere ea commodi voluptate reprehenderit voluptatum quisquam deleniti commodi cumque incidunt nemo illum adipisci distinctio omnis qui laborum nam voluptatum velit impedit nam perferendis recusandae quod quia expedita at harum libero exercitationem similique officiis illo quae mollitia ipsa dolore eos minus architecto.', 0, 31.68);
INSERT INTO course (name, description, duration, price) VALUES ('reti utilizzo integrate', 'Adipisci dolorum minus sunt quae incidunt occaecati dolorum cum id ullam quam doloremque quidem nesciunt ipsam earum nesciunt nostrum exercitationem aliquam at velit at nemo explicabo ea modi aut error saepe nihil necessitatibus magni aliquid explicabo maiores nam architecto minus veniam quae nobis.', 0, 12.13);
INSERT INTO course (name, description, duration, price) VALUES ('e-commerce sintetizzate collaborative', 'Eos eius iure delectus totam quasi nulla eius accusamus nemo expedita similique amet repellendus ducimus praesentium natus modi veritatis nam incidunt vitae odio vel voluptas officia aliquid voluptatum ex facilis impedit quae minima excepturi ut sit officiis placeat incidunt temporibus dolor necessitatibus facilis ut eaque non voluptas vitae cupiditate quae recusandae aut ut hic sed eum a illo facere veritatis sed beatae dolor odio ducimus temporibus deserunt officiis.', 0, 28.49);
INSERT INTO course (name, description, duration, price) VALUES ('metriche exploit real-time', 'Eum suscipit molestiae explicabo soluta laudantium numquam ipsa expedita culpa minima enim doloribus asperiores odio ut et quia minus nulla enim pariatur pariatur delectus vero enim recusandae autem quis labore possimus cum dolore nihil vero est aliquam voluptatum iste iusto laboriosam illo placeat adipisci temporibus nulla harum totam.', 0, 73.0);
INSERT INTO course (name, description, duration, price) VALUES ('metodologie spedizioni efficienti', 'Vitae aspernatur dolorum maiores tempora ipsum voluptate aliquam labore quibusdam quaerat natus ullam consequatur delectus quae sed odit sed voluptates voluptas quis harum reprehenderit delectus aperiam dolorem voluptatibus eaque ab quo voluptate et ab iusto optio repellat officia autem ut corporis debitis magnam voluptatibus alias accusantium pariatur velit nisi officia cupiditate nostrum sint excepturi ut aliquam.', 0, 82.03);
INSERT INTO course (name, description, duration, price) VALUES ('comunità aggregate plug-and-play', 'Beatae facere porro nihil aliquam inventore magni alias eos odio aut error numquam voluptas culpa harum sed quas vel magni dolores omnis occaecati totam tempore veritatis vero iste cum hic quod quod consectetur quasi nemo ducimus ab voluptates rerum ducimus autem sit natus sed maiores laboriosam voluptatum voluptatem ea sunt pariatur deserunt repellendus corrupti ducimus explicabo odio nisi laboriosam ad explicabo quo consectetur voluptas occaecati.', 0, 9.12);
INSERT INTO course (name, description, duration, price) VALUES ('comunità deploy B2C', 'Nostrum consequuntur velit quia eligendi quibusdam culpa suscipit sint ab et autem neque tenetur nesciunt amet dolores quod quod itaque corporis temporibus inventore nulla fugiat inventore quisquam sapiente praesentium accusantium asperiores eligendi et libero magni sunt dolorum laborum.', 0, 21.76);
INSERT INTO course (name, description, duration, price) VALUES ('nicchie innovazione front-end', 'Vel dolorum illum explicabo a architecto reprehenderit consequuntur animi dignissimos reiciendis alias atque itaque amet veniam at consequatur nemo sed in ducimus officia a esse natus nobis cumque voluptates similique ab reiciendis autem placeat illo est exercitationem odio repellat libero maxime optio sint dolorem eos nisi dolores libero maxime consequatur sed aliquid occaecati pariatur rerum reiciendis cum placeat repellendus earum.', 0, 98.72);
INSERT INTO course (name, description, duration, price) VALUES ('e-services abilitate olistiche', 'Natus excepturi ipsam magni magnam eius minus accusamus perspiciatis ratione totam ad libero dolorum omnis nostrum ducimus dolores magnam quo dignissimos nostrum provident minus at vero error ut corrupti assumenda ex sint totam iste porro voluptatum nam nemo ipsam enim recusandae consectetur magnam porro ullam nobis autem quod exercitationem sed hic occaecati vitae rem aut necessitatibus tempora nisi reprehenderit doloremque nobis.', 0, 34.29);
INSERT INTO course (name, description, duration, price) VALUES ('metodologie exploit valore aggiunto', 'Mollitia odit ullam repellendus corrupti veritatis itaque dolorem aperiam autem magni cum dolorem illum harum itaque ipsa quis culpa tempora facilis nesciunt mollitia sit repellendus unde animi culpa facilis mollitia accusantium culpa illo iusto magnam voluptates perferendis neque dignissimos nostrum similique rem aspernatur ullam consectetur minus occaecati.', 0, 90.33);
INSERT INTO course (name, description, duration, price) VALUES ('comunità guida web', 'Ipsam exercitationem natus fugit perferendis illum voluptate voluptas quibusdam maxime fuga veniam quod asperiores architecto eligendi officia repellat neque dolorem consectetur alias iusto impedit magnam reiciendis aut dolores vero ipsa quae natus perspiciatis recusandae recusandae dignissimos eveniet.', 0, 55.37);
INSERT INTO course (name, description, duration, price) VALUES ('contenuti migliorate distributivi', 'Nam neque commodi exercitationem sit architecto consequatur nobis incidunt necessitatibus delectus laudantium adipisci ex voluptates vitae officiis itaque pariatur sequi nostrum possimus ex unde minima fugit dolorum id architecto repellendus magnam accusantium nostrum et ex iste voluptatem assumenda alias minus aspernatur adipisci sit est.', 0, 31.79);
INSERT INTO course (name, description, duration, price) VALUES ('ROI ricontestualizzate front-end', 'Repellendus inventore pariatur id voluptatum tempora dolorem ullam quis tenetur rerum deleniti laudantium voluptatum rerum mollitia rerum dolore exercitationem dolore ratione error vel pariatur repellendus a ab tenetur neque dicta cumque rem ullam culpa provident exercitationem beatae.', 0, 44.03);
INSERT INTO course (name, description, duration, price) VALUES ('e-commerce abilitate trasparenti', 'Labore ea adipisci nisi expedita velit sint asperiores numquam quasi neque nobis vero aliquam ipsum suscipit temporibus reiciendis quibusdam amet qui eligendi quos dolor architecto ut harum repellat est neque repudiandae enim dolor consectetur aspernatur sed voluptates tenetur molestias modi quos repellat dolores accusantium aut corporis cumque deleniti ducimus porro iusto voluptatum quod eligendi quibusdam reiciendis perferendis deleniti nesciunt rem nihil et rem cum recusandae illum.', 0, 45.07);
INSERT INTO course (name, description, duration, price) VALUES ('funzionalità sintetizzate cross-platform', 'Placeat accusamus minus necessitatibus ipsa doloremque neque asperiores nesciunt ipsam incidunt nobis id pariatur corrupti ducimus magnam ex dignissimos totam temporibus a quisquam ut eius a dolorem ducimus omnis itaque maxime placeat beatae doloremque nihil sapiente laboriosam eveniet doloribus recusandae deleniti itaque quibusdam magni deserunt porro quia dolores fuga quas deleniti reiciendis nemo non ullam atque vel vel.', 0, 96.64);
INSERT INTO course (name, description, duration, price) VALUES ('tecnologie sintetizzate dinamiche', 'Dolorum debitis magni non recusandae esse vel doloremque consequuntur assumenda quas soluta impedit ex a quas officia fuga enim voluptates impedit quis distinctio voluptates eum quo exercitationem ex unde consectetur eius voluptas dolore soluta asperiores accusantium ullam quod odio minus veniam repellat commodi pariatur.', 0, 88.13);
INSERT INTO course (name, description, duration, price) VALUES ('modelli utilizzo trasparenti', 'Accusamus labore mollitia voluptas similique quibusdam omnis dignissimos dicta fuga iusto exercitationem illo voluptate ipsum aliquam soluta hic natus hic ut eum labore nulla non quaerat blanditiis quaerat officiis maxime ipsam aut dolores ullam minima non quam odio maxime nobis fugit ad omnis dolore minus adipisci odio alias deleniti est vitae molestias vel accusantium libero quibusdam ad non provident vitae laboriosam doloremque perferendis adipisci ex.', 0, 61.02);
INSERT INTO course (name, description, duration, price) VALUES ('e-business estensioni magnetiche', 'Harum repellat vel architecto quia qui odit sapiente laudantium deleniti repellat libero ipsam consequuntur labore dolor ad quam occaecati labore quisquam vel aut sint reprehenderit doloremque illo voluptatibus minus temporibus rerum quis aliquam dolore pariatur.', 0, 91.48);
INSERT INTO course (name, description, duration, price) VALUES ('sistemi strategiche web', 'Facere quisquam tenetur dicta quod quod rem fuga ex quos in ut impedit a dolorum cum porro iste neque explicabo aspernatur pariatur vitae cupiditate magnam perspiciatis et quaerat tempore sit itaque doloremque voluptatum fugiat officia facere soluta non nulla beatae quisquam sapiente tempore quod nostrum molestiae commodi maxime maiores corporis ducimus consectetur veniam illum vel praesentium quasi excepturi blanditiis animi cupiditate praesentium quae minus.', 0, 92.05);
INSERT INTO course (name, description, duration, price) VALUES ('reti aggregate trasparenti', 'Nostrum voluptate earum est amet at magnam aut non laboriosam quae saepe aperiam sint nisi eaque vero numquam voluptas recusandae eligendi similique maiores minima recusandae illum eum ipsa repellat ipsam cumque accusamus quae cumque dolor deserunt nesciunt dolore similique voluptatum iusto ea a libero veniam omnis numquam ducimus unde iure neque quia natus deleniti veritatis doloribus voluptatum aliquid quo necessitatibus voluptatum alias quod.', 0, 66.04);
INSERT INTO course (name, description, duration, price) VALUES ('modelli reinventate distributivi', 'Esse necessitatibus reiciendis voluptatem hic repudiandae mollitia consequuntur ab quo similique ratione consequatur alias ab placeat incidunt id impedit rerum aspernatur aspernatur accusamus a sit beatae officia ut id omnis aut distinctio soluta.', 0, 9.03);
INSERT INTO course (name, description, duration, price) VALUES ('supply-chains incentivate virtuali', 'Debitis hic iste commodi magni cum ab voluptatum placeat vel exercitationem consequuntur perspiciatis ducimus ab alias culpa autem maxime debitis molestias quia ex doloremque quo pariatur facere pariatur ducimus adipisci sunt molestiae consequuntur quod ipsa deserunt laudantium iste praesentium vitae pariatur voluptas consequatur maxime.', 0, 22.24);
INSERT INTO course (name, description, duration, price) VALUES ('e-commerce migliorate strategici', 'Distinctio veritatis ipsam ab officiis beatae nesciunt velit autem velit odit odio optio dolor quidem dignissimos voluptas fugit asperiores facere architecto architecto ratione vel itaque nihil itaque quae consectetur officia laborum architecto voluptas eveniet dolore sunt ratione totam eaque qui sit odio inventore reprehenderit praesentium magnam dolorum possimus natus ullam non mollitia excepturi expedita labore voluptate facere tempore mollitia eaque aspernatur nobis ipsum occaecati vitae amet vitae natus libero.', 0, 66.89);
INSERT INTO course (name, description, duration, price) VALUES ('modelli matrici mission-critical', 'Natus reiciendis dolore corrupti suscipit repellendus quam dolorum accusamus at odit quae tenetur esse facere enim deleniti id nemo cum architecto quam vitae non laboriosam excepturi similique nulla tempora consequuntur itaque hic nostrum modi quibusdam blanditiis deleniti eum possimus voluptas reprehenderit mollitia ut nulla corporis tempora numquam at quia repudiandae nulla sequi voluptatum.', 0, 23.47);
INSERT INTO course (name, description, duration, price) VALUES ('schemi monetizzate rivoluzionari', 'Mollitia expedita magnam cupiditate necessitatibus a quia voluptatibus nulla blanditiis blanditiis fuga nihil cupiditate labore asperiores deleniti magnam fuga perspiciatis odio veniam corrupti sequi doloribus incidunt odio laborum numquam sed odio at vel modi aspernatur corporis laboriosam laboriosam incidunt iste soluta omnis quae voluptate quibusdam impedit nemo tempore vel sit accusamus exercitationem impedit iste provident.', 0, 14.01);
INSERT INTO course (name, description, duration, price) VALUES ('metriche sintetizzate intuitivi', 'Accusamus exercitationem ratione consequuntur recusandae doloribus soluta cupiditate ut dolorum nostrum vel blanditiis esse non aliquam mollitia placeat occaecati repudiandae veritatis quaerat eius quasi deserunt velit veniam expedita ea eveniet incidunt assumenda alias amet similique provident ad nihil veritatis.', 0, 97.08);
INSERT INTO course (name, description, duration, price) VALUES ('modelli evolutive integrate', 'Deleniti reiciendis eius voluptas accusantium deserunt exercitationem aut quaerat saepe libero id reprehenderit voluptatem molestias nobis praesentium nostrum voluptatibus consequuntur illum perspiciatis deleniti aspernatur ut ab quae quo aperiam ut.', 0, 52.76);
INSERT INTO course (name, description, duration, price) VALUES ('relazioni abilitate innovativi', 'Eius magni cupiditate accusantium non quos magnam voluptatem illum eos nostrum dolorum expedita fugit vitae fuga tempora dignissimos ut est quo nemo iure ipsum porro assumenda distinctio eveniet adipisci esse quod dolor magni.', 0, 29.64);
INSERT INTO course (name, description, duration, price) VALUES ('modelli guida granulari', 'Molestias expedita id voluptas iste nulla impedit saepe tempora et laudantium animi exercitationem esse sint accusamus doloremque earum alias accusamus eum iusto qui possimus doloribus vitae maiores exercitationem veritatis natus neque distinctio magnam sed sed dolores veniam occaecati voluptates veniam.', 0, 91.35);
INSERT INTO course (name, description, duration, price) VALUES ('e-services spedizioni proattive', 'Tempore sunt neque ducimus doloremque eligendi quas accusantium ab libero voluptatum voluptatem itaque cupiditate beatae possimus culpa rem cum ratione dolores ex ex molestias ipsam ipsa cumque qui pariatur dolor magni natus corrupti placeat rerum tenetur illo dignissimos culpa magnam voluptates sapiente ipsum deserunt corrupti.', 0, 96.49);
INSERT INTO course (name, description, duration, price) VALUES ('reti marchi proattive', 'Omnis maxime iusto suscipit reprehenderit rerum nam aut deleniti totam corrupti eaque corrupti iusto odit amet tempora veniam possimus in minima vero aliquam eius repellendus alias repellendus veniam deserunt minus ad quis eos quibusdam deleniti minima cupiditate natus optio consequuntur voluptatum officiis porro assumenda distinctio ut odio incidunt modi.', 0, 83.03);
INSERT INTO course (name, description, duration, price) VALUES ('architetture ricontestualizzate distributivi', 'Laborum magni sit dolor reprehenderit ut eaque occaecati recusandae sunt ducimus eligendi consequatur nulla aliquid consectetur magnam aspernatur officiis magnam unde iusto ducimus commodi aut adipisci consequatur accusantium qui delectus delectus nemo sunt ex modi itaque.', 0, 17.25);
INSERT INTO course (name, description, duration, price) VALUES ('e-business estensioni 24/7', 'Fuga ex voluptas et deserunt quibusdam dicta quas veniam exercitationem et molestias ducimus officiis laudantium natus molestiae rerum vel nobis recusandae reprehenderit aperiam quod nobis unde ipsa iusto suscipit officia perferendis fuga magnam eaque similique eum recusandae veritatis deserunt.', 0, 50.21);
INSERT INTO course (name, description, duration, price) VALUES ('convergenze ricontestualizzate real-time', 'Ratione perspiciatis minus suscipit nisi dicta maiores quasi est deleniti officia unde labore quasi ratione doloribus eveniet deleniti officiis fugit non voluptates odio consequuntur nisi tempora ad eos voluptatem qui corrupti cum modi ipsam incidunt placeat cumque magni neque reprehenderit eum adipisci tempora praesentium harum expedita qui minus similique recusandae saepe officiis neque voluptate eos.', 0, 73.69);
INSERT INTO course (name, description, duration, price) VALUES ('soluzioni monetizzate next-generation', 'Illum natus quis vitae aliquam doloribus fuga quasi quod mollitia explicabo itaque porro cum excepturi quod repellendus atque aliquid ab error ex itaque repellat voluptatibus ducimus porro atque inventore reiciendis in expedita esse eligendi alias nostrum soluta.', 0, 35.96);
INSERT INTO course (name, description, duration, price) VALUES ('sistemi target e-business', 'Ullam animi facere aliquid repellendus occaecati ab beatae quasi molestias aliquam ab vitae officiis fugiat harum labore atque repellat voluptatum laudantium provident ad sit necessitatibus consequuntur cupiditate tempora consequatur molestias quam in cum accusantium quaerat illum corrupti laboriosam reprehenderit praesentium rerum natus magnam saepe iusto aspernatur fugiat est ut unde vero non fugit libero rem est fuga debitis aut laborum perferendis.', 0, 24.52);
INSERT INTO course (name, description, duration, price) VALUES ('convergenze strategiche mission-critical', 'Ex veritatis ipsa non minus quidem excepturi adipisci temporibus harum nulla fuga excepturi corporis itaque illo mollitia delectus perspiciatis animi omnis ipsa minus exercitationem doloribus fugit asperiores iste dolorum harum voluptates ad voluptatem quos placeat ad doloremque architecto tempore facilis mollitia beatae tempora sed ea quidem voluptate facilis ducimus enim est repellat perspiciatis labore quia maxime enim voluptate iusto possimus sequi harum labore atque dolor.', 0, 77.18);
INSERT INTO course (name, description, duration, price) VALUES ('e-commerce incentivate B2B', 'Provident fugiat nihil eligendi cum repudiandae perspiciatis corrupti error reprehenderit ea optio facere culpa quis repellendus ad optio adipisci porro deleniti incidunt dignissimos rem sint iusto molestias consequatur libero voluptatem pariatur mollitia quos corporis adipisci quidem asperiores iure quaerat quis doloribus repudiandae suscipit at voluptatem magni repudiandae veritatis velit animi excepturi assumenda autem est a consequatur dolor quisquam magnam est eligendi tempore exercitationem sint ipsam consequuntur tenetur quaerat.', 0, 36.83);
INSERT INTO course (name, description, duration, price) VALUES ('interfacce evolutive ricche', 'Minima molestiae nam quas voluptatum porro adipisci explicabo laborum quo unde aspernatur at iste expedita exercitationem maxime beatae molestias adipisci sit culpa cumque deserunt suscipit itaque expedita corporis iure aliquam dolorum accusamus ad temporibus est natus corporis laborum excepturi cum nihil quisquam unde dolorum reiciendis beatae ea pariatur architecto quia facere minima optio inventore atque alias reprehenderit dignissimos dolorem atque sed nostrum explicabo impedit cupiditate vitae.', 0, 79.13);
INSERT INTO course (name, description, duration, price) VALUES ('supply-chains accrescitive granulari', 'Pariatur perferendis consectetur culpa adipisci maxime quaerat tempore hic facilis quod architecto quidem tempore ab dicta quae nemo magni minima sed distinctio pariatur ut vero explicabo accusantium facilis a totam.', 0, 19.25);
INSERT INTO course (name, description, duration, price) VALUES ('applicazioni marchi real-time', 'Laborum vitae velit facilis rem commodi aliquam illum quisquam eveniet recusandae harum voluptatum expedita consectetur facilis dicta maxime aperiam ab tempora delectus quo id mollitia ipsam assumenda distinctio modi suscipit nemo molestias aut numquam ad unde dolor perferendis laborum dignissimos quidem maiores rem nesciunt nam fuga labore ab nobis repellat hic dolor nihil asperiores natus odio fuga ab repudiandae dolorum quidem culpa nam magni placeat totam a iure.', 0, 69.9);


INSERT INTO video (title, duration, type, filename, id_course) VALUES ('architetture transizionali trasparenti', 480, 'mp4', 'url', 1);
INSERT INTO video (title, duration, type, filename, id_course) VALUES ('webservices guida globali', 579, 'YT', 'url', 2);
INSERT INTO video (title, duration, type, filename, id_course) VALUES ('applicazioni sinergizzate collaborative', 215, 'YT', 'url', 3);
INSERT INTO video (title, duration, type, filename, id_course) VALUES ('metriche utilizzo olistiche', 123, 'mp4', 'url', 4);
INSERT INTO video (title, duration, type, filename, id_course) VALUES ('soluzioni reinventate valore aggiunto', 447, 'mp4', 'url', 5);
INSERT INTO video (title, duration, type, filename, id_course) VALUES ('e-commerce innovazione interattive', 425, 'YT', 'url', 6);
INSERT INTO video (title, duration, type, filename, id_course) VALUES ('soluzioni transizionali mondiali', 75, 'YT', 'url', 7);
INSERT INTO video (title, duration, type, filename, id_course) VALUES ('webservices strategiche innovativi', 387, 'mp4', 'url', 8);
INSERT INTO video (title, duration, type, filename, id_course) VALUES ('webservices target collaborative', 353, 'YT', 'url', 9);
INSERT INTO video (title, duration, type, filename, id_course) VALUES ('interfacce massimizzate back-end', 373, 'YT', 'url', 10);
INSERT INTO video (title, duration, type, filename, id_course) VALUES ('modelli integrate enterprise', 567, 'YT', 'url', 11);
INSERT INTO video (title, duration, type, filename, id_course) VALUES ('schemi ricontestualizzate verticalizzate', 567, 'mp4', 'url', 12);
INSERT INTO video (title, duration, type, filename, id_course) VALUES ('metriche aggregate collaborative', 315, 'mp4', 'url', 13);
INSERT INTO video (title, duration, type, filename, id_course) VALUES ('interfacce implementate forti', 270, 'mp4', 'url', 14);
INSERT INTO video (title, duration, type, filename, id_course) VALUES ('metriche estensioni strategici', 210, 'mp4', 'url', 15);
INSERT INTO video (title, duration, type, filename, id_course) VALUES ('metodologie target granulari', 142, 'mp4', 'url', 16);
INSERT INTO video (title, duration, type, filename, id_course) VALUES ('partnerships evolutive cross-platform', 420, 'YT', 'url', 17);
INSERT INTO video (title, duration, type, filename, id_course) VALUES ('architetture sinergizzate out-of-the-box', 276, 'mp4', 'url', 18);
INSERT INTO video (title, duration, type, filename, id_course) VALUES ('mercati innovazione cross-platform', 335, 'YT', 'url', 19);
INSERT INTO video (title, duration, type, filename, id_course) VALUES ('e-services accrescitive sinergiche', 365, 'mp4', 'url', 20);
INSERT INTO video (title, duration, type, filename, id_course) VALUES ('metodologie deploy open-source', 365, 'YT', 'url', 21);
INSERT INTO video (title, duration, type, filename, id_course) VALUES ('sistemi strategiche ricche', 35, 'YT', 'url', 22);
INSERT INTO video (title, duration, type, filename, id_course) VALUES ('esperienze ottimali sinergiche', 170, 'YT', 'url', 23);
INSERT INTO video (title, duration, type, filename, id_course) VALUES ('architetture integrate interattive', 559, 'mp4', 'url', 24);
INSERT INTO video (title, duration, type, filename, id_course) VALUES ('contenuti matrici virali', 16, 'YT', 'url', 25);
INSERT INTO video (title, duration, type, filename, id_course) VALUES ('applicazioni marchi di impatto', 24, 'YT', 'url', 26);
INSERT INTO video (title, duration, type, filename, id_course) VALUES ('nicchie marchi e-business', 107, 'YT', 'url', 27);
INSERT INTO video (title, duration, type, filename, id_course) VALUES ('modelli incentivate interattive', 483, 'mp4', 'url', 28);
INSERT INTO video (title, duration, type, filename, id_course) VALUES ('convergenze implementate next-generation', 345, 'YT', 'url', 29);
INSERT INTO video (title, duration, type, filename, id_course) VALUES ('supply-chains ottimali magnetiche', 234, 'YT', 'url', 30);
INSERT INTO video (title, duration, type, filename, id_course) VALUES ('convergenze implementate out-of-the-box', 197, 'YT', 'url', 31);
INSERT INTO video (title, duration, type, filename, id_course) VALUES ('webservices abilitate dinamiche', 564, 'mp4', 'url', 32);
INSERT INTO video (title, duration, type, filename, id_course) VALUES ('convergenze aggregate distributivi', 92, 'mp4', 'url', 33);
INSERT INTO video (title, duration, type, filename, id_course) VALUES ('sistemi target scalabili', 366, 'YT', 'url', 34);
INSERT INTO video (title, duration, type, filename, id_course) VALUES ('applicazioni estensioni trasparenti', 95, 'mp4', 'url', 35);
INSERT INTO video (title, duration, type, filename, id_course) VALUES ('modelli evolutive globali', 558, 'YT', 'url', 36);
INSERT INTO video (title, duration, type, filename, id_course) VALUES ('e-services evolutive virali', 475, 'YT', 'url', 37);
INSERT INTO video (title, duration, type, filename, id_course) VALUES ('tecnologie spedizioni collaborative', 403, 'YT', 'url', 38);
INSERT INTO video (title, duration, type, filename, id_course) VALUES ('convergenze sinergizzate granulari', 249, 'mp4', 'url', 39);
INSERT INTO video (title, duration, type, filename, id_course) VALUES ('comunità evolutive next-generation', 207, 'YT', 'url', 40);
INSERT INTO video (title, duration, type, filename, id_course) VALUES ('modelli reinventate rivoluzionari', 177, 'mp4', 'url', 41);
INSERT INTO video (title, duration, type, filename, id_course) VALUES ('sistemi sintetizzate strategici', 104, 'mp4', 'url', 42);
INSERT INTO video (title, duration, type, filename, id_course) VALUES ('interfacce sinergizzate back-end', 117, 'YT', 'url', 43);
INSERT INTO video (title, duration, type, filename, id_course) VALUES ('e-business monetizzate cutting-edge', 406, 'mp4', 'url', 44);
INSERT INTO video (title, duration, type, filename, id_course) VALUES ('esperienze marchi proattive', 99, 'YT', 'url', 45);
INSERT INTO video (title, duration, type, filename, id_course) VALUES ('ROI sinergizzate virtuali', 394, 'YT', 'url', 46);
INSERT INTO video (title, duration, type, filename, id_course) VALUES ('metriche deploy olistiche', 127, 'mp4', 'url', 47);
INSERT INTO video (title, duration, type, filename, id_course) VALUES ('comunità spedizioni strategici', 254, 'YT', 'url', 48);
INSERT INTO video (title, duration, type, filename, id_course) VALUES ('architetture deploy back-end', 478, 'YT', 'url', 49);
INSERT INTO video (title, duration, type, filename, id_course) VALUES ('e-business abilitate intuitivi', 339, 'mp4', 'url', 50);


INSERT INTO field (field_name) VALUES ('DESIGN DEL PRODOTTO E DELLA COMUNICAZIONE');
INSERT INTO field (field_name) VALUES ('DESIGN DEL PRODOTTO NAUTICO');
INSERT INTO field (field_name) VALUES ('SCIENZE DELL ARCHITETTURA');
INSERT INTO field (field_name) VALUES ('ECONOMIA AZIENDALE');
INSERT INTO field (field_name) VALUES ('ECONOMIA DELLE AZIENDE MARITTIME, DELLA LOGISTICA E DEI TRASPORTI');
INSERT INTO field (field_name) VALUES ('SCIENZE DEL TURISMO: IMPRESA, CULTURA E TERRITORIO');
INSERT INTO field (field_name) VALUES ('SCIENZE ECONOMICHE E FINANZIARIE');
INSERT INTO field (field_name) VALUES ('DIRITTO ED ECONOMIA DELLE IMPRESE');
INSERT INTO field (field_name) VALUES ('SERVIZI LEGALI ALL IMPRESA E ALLA PUBBLICA AMMINISTRAZIONE');
INSERT INTO field (field_name) VALUES ('SERVIZIO SOCIALE');
INSERT INTO field (field_name) VALUES ('INGEGNERIA BIOMEDICA');
INSERT INTO field (field_name) VALUES ('INGEGNERIA CHIMICA E DI PROCESSO');
INSERT INTO field (field_name) VALUES ('INGEGNERIA CIVILE, EDILE E AMBIENTALE');
INSERT INTO field (field_name) VALUES ('INGEGNERIA DELL ENERGIA');
INSERT INTO field (field_name) VALUES ('INGEGNERIA ELETTRICA');
INSERT INTO field (field_name) VALUES ('INGEGNERIA ELETTRONICA E TECNOLOGIE DELL INFORMAZIONE');
INSERT INTO field (field_name) VALUES ('INGEGNERIA GESTIONALE');
INSERT INTO field (field_name) VALUES ('INGEGNERIA INFORMATICA');
INSERT INTO field (field_name) VALUES ('INGEGNERIA MECCANICA');
INSERT INTO field (field_name) VALUES ('INGEGNERIA NAUTICA');
INSERT INTO field (field_name) VALUES ('INGEGNERIA NAVALE');
INSERT INTO field (field_name) VALUES ('SCIENZE E CULTURE AGROALIMENTARI DEL MEDITERRANEO');
INSERT INTO field (field_name) VALUES ('TECNOLOGIE INDUSTRIALI');
INSERT INTO field (field_name) VALUES ('TECNOLOGIE PER L EDILIZIA E IL TERRITORIO');
INSERT INTO field (field_name) VALUES ('CONSERVAZIONE DEI BENI CULTURALI');
INSERT INTO field (field_name) VALUES ('FILOSOFIA');
INSERT INTO field (field_name) VALUES ('LETTERE');
INSERT INTO field (field_name) VALUES ('STORIA');
INSERT INTO field (field_name) VALUES ('LINGUE E CULTURE MODERNE');
INSERT INTO field (field_name) VALUES ('TEORIE E TECNICHE DELLA MEDIAZIONE INTERLINGUISTICA');
INSERT INTO field (field_name) VALUES ('ASSISTENZA SANITARIA');
INSERT INTO field (field_name) VALUES ('BIOTECNOLOGIE');
INSERT INTO field (field_name) VALUES ('DIETISTICA');
INSERT INTO field (field_name) VALUES ('EDUCAZIONE PROFESSIONALE');
INSERT INTO field (field_name) VALUES ('FISIOTERAPIA');
INSERT INTO field (field_name) VALUES ('IGIENE DENTALE');
INSERT INTO field (field_name) VALUES ('INFERMIERISTICA');
INSERT INTO field (field_name) VALUES ('INFERMIERISTICA PEDIATRICA');
INSERT INTO field (field_name) VALUES ('LOGOPEDIA');
INSERT INTO field (field_name) VALUES ('ORTOTTICA ED ASSISTENZA OFTALMOLOGICA');
INSERT INTO field (field_name) VALUES ('OSTETRICIA');
INSERT INTO field (field_name) VALUES ('PODOLOGIA');
INSERT INTO field (field_name) VALUES ('SCIENZE MOTORIE, SPORT E SALUTE');
INSERT INTO field (field_name) VALUES ('TECNICA DELLA RIABILITAZIONE PSICHIATRICA');
INSERT INTO field (field_name) VALUES ('TECNICHE DELLA PREVENZIONE NELL AMBIENTE E NEI LUOGHI DI LAVORO');
INSERT INTO field (field_name) VALUES ('TECNICHE DI FISIOPATOLOGIA CARDIOCIRCOLATORIA E PERFUSIONE CARDIOVASCOLARE');
INSERT INTO field (field_name) VALUES ('TECNICHE DI LABORATORIO BIOMEDICO');
INSERT INTO field (field_name) VALUES ('TECNICHE DI NEUROFISIOPATOLOGIA');
INSERT INTO field (field_name) VALUES ('TECNICHE DI RADIOLOGIA MEDICA, PER IMMAGINI E RADIOTERAPIA');
INSERT INTO field (field_name) VALUES ('TECNICHE ORTOPEDICHE');
INSERT INTO field (field_name) VALUES ('TERAPIA DELLA NEURO E PSICOMOTRICITA DELL ETA EVOLUTIVA');
INSERT INTO field (field_name) VALUES ('MEDIA, COMUNICAZIONE E SOCIETÀ');
INSERT INTO field (field_name) VALUES ('SCIENZE DELL EDUCAZIONE E DELLA FORMAZIONE');
INSERT INTO field (field_name) VALUES ('SCIENZE E TECNICHE PSICOLOGICHE');
INSERT INTO field (field_name) VALUES ('CHIMICA E TECNOLOGIE CHIMICHE');
INSERT INTO field (field_name) VALUES ('FISICA');
INSERT INTO field (field_name) VALUES ('INFORMATICA');
INSERT INTO field (field_name) VALUES ('MATEMATICA');
INSERT INTO field (field_name) VALUES ('SCIENZA DEI MATERIALI');
INSERT INTO field (field_name) VALUES ('SCIENZE AMBIENTALI E NATURALI');
INSERT INTO field (field_name) VALUES ('SCIENZE BIOLOGICHE');
INSERT INTO field (field_name) VALUES ('SCIENZE GEOLOGICHE');
INSERT INTO field (field_name) VALUES ('STATISTICA MATEMATICA E TRATTAMENTO INFORMATICO DEI DATI');
INSERT INTO field (field_name) VALUES ('POLITICHE, GOVERNANCE E INFORMAZIONE DELLO SPORT');
INSERT INTO field (field_name) VALUES ('SCIENZE DELL AMMINISTRAZIONE E DELLA POLITICA');
INSERT INTO field (field_name) VALUES ('SCIENZE INTERNAZIONALI E DIPLOMATICHE');


INSERT INTO belong (id_course, field_name) VALUES (1, 'SERVIZIO SOCIALE');
INSERT INTO belong (id_course, field_name) VALUES (2, 'EDUCAZIONE PROFESSIONALE');
INSERT INTO belong (id_course, field_name) VALUES (3, 'BIOTECNOLOGIE');
INSERT INTO belong (id_course, field_name) VALUES (4, 'POLITICHE, GOVERNANCE E INFORMAZIONE DELLO SPORT');
INSERT INTO belong (id_course, field_name) VALUES (5, 'SERVIZIO SOCIALE');
INSERT INTO belong (id_course, field_name) VALUES (6, 'ECONOMIA DELLE AZIENDE MARITTIME, DELLA LOGISTICA E DEI TRASPORTI');
INSERT INTO belong (id_course, field_name) VALUES (7, 'SCIENZE DELL AMMINISTRAZIONE E DELLA POLITICA');
INSERT INTO belong (id_course, field_name) VALUES (8, 'TECNICHE DI FISIOPATOLOGIA CARDIOCIRCOLATORIA E PERFUSIONE CARDIOVASCOLARE');
INSERT INTO belong (id_course, field_name) VALUES (9, 'INFERMIERISTICA');
INSERT INTO belong (id_course, field_name) VALUES (10, 'STORIA');
INSERT INTO belong (id_course, field_name) VALUES (11, 'SCIENZE DELL ARCHITETTURA');
INSERT INTO belong (id_course, field_name) VALUES (12, 'INGEGNERIA DELL ENERGIA');
INSERT INTO belong (id_course, field_name) VALUES (13, 'INGEGNERIA BIOMEDICA');
INSERT INTO belong (id_course, field_name) VALUES (14, 'CONSERVAZIONE DEI BENI CULTURALI');
INSERT INTO belong (id_course, field_name) VALUES (15, 'INGEGNERIA NAUTICA');
INSERT INTO belong (id_course, field_name) VALUES (16, 'DESIGN DEL PRODOTTO NAUTICO');
INSERT INTO belong (id_course, field_name) VALUES (17, 'TECNICHE DI FISIOPATOLOGIA CARDIOCIRCOLATORIA E PERFUSIONE CARDIOVASCOLARE');
INSERT INTO belong (id_course, field_name) VALUES (18, 'TERAPIA DELLA NEURO E PSICOMOTRICITA DELL ETA EVOLUTIVA');
INSERT INTO belong (id_course, field_name) VALUES (19, 'INGEGNERIA CHIMICA E DI PROCESSO');
INSERT INTO belong (id_course, field_name) VALUES (20, 'TECNICA DELLA RIABILITAZIONE PSICHIATRICA');
INSERT INTO belong (id_course, field_name) VALUES (21, 'SCIENZE AMBIENTALI E NATURALI');
INSERT INTO belong (id_course, field_name) VALUES (22, 'INGEGNERIA CHIMICA E DI PROCESSO');
INSERT INTO belong (id_course, field_name) VALUES (23, 'CHIMICA E TECNOLOGIE CHIMICHE');
INSERT INTO belong (id_course, field_name) VALUES (24, 'SCIENZE MOTORIE, SPORT E SALUTE');
INSERT INTO belong (id_course, field_name) VALUES (25, 'TECNICHE DI LABORATORIO BIOMEDICO');
INSERT INTO belong (id_course, field_name) VALUES (26, 'SCIENZE DELL AMMINISTRAZIONE E DELLA POLITICA');
INSERT INTO belong (id_course, field_name) VALUES (27, 'SCIENZE BIOLOGICHE');
INSERT INTO belong (id_course, field_name) VALUES (28, 'LINGUE E CULTURE MODERNE');
INSERT INTO belong (id_course, field_name) VALUES (29, 'TECNICHE ORTOPEDICHE');
INSERT INTO belong (id_course, field_name) VALUES (30, 'BIOTECNOLOGIE');
INSERT INTO belong (id_course, field_name) VALUES (31, 'TECNICHE DI LABORATORIO BIOMEDICO');
INSERT INTO belong (id_course, field_name) VALUES (32, 'PODOLOGIA');
INSERT INTO belong (id_course, field_name) VALUES (33, 'SCIENZE DEL TURISMO: IMPRESA, CULTURA E TERRITORIO');
INSERT INTO belong (id_course, field_name) VALUES (34, 'DIRITTO ED ECONOMIA DELLE IMPRESE');
INSERT INTO belong (id_course, field_name) VALUES (35, 'INGEGNERIA BIOMEDICA');
INSERT INTO belong (id_course, field_name) VALUES (36, 'TECNICA DELLA RIABILITAZIONE PSICHIATRICA');
INSERT INTO belong (id_course, field_name) VALUES (37, 'INGEGNERIA NAVALE');
INSERT INTO belong (id_course, field_name) VALUES (38, 'INGEGNERIA ELETTRONICA E TECNOLOGIE DELL INFORMAZIONE');
INSERT INTO belong (id_course, field_name) VALUES (39, 'SERVIZI LEGALI ALL IMPRESA E ALLA PUBBLICA AMMINISTRAZIONE');
INSERT INTO belong (id_course, field_name) VALUES (40, 'TECNICHE DI NEUROFISIOPATOLOGIA');
INSERT INTO belong (id_course, field_name) VALUES (41, 'INGEGNERIA DELL ENERGIA');
INSERT INTO belong (id_course, field_name) VALUES (42, 'TECNICHE DI NEUROFISIOPATOLOGIA');
INSERT INTO belong (id_course, field_name) VALUES (43, 'SERVIZIO SOCIALE');
INSERT INTO belong (id_course, field_name) VALUES (44, 'DESIGN DEL PRODOTTO E DELLA COMUNICAZIONE');
INSERT INTO belong (id_course, field_name) VALUES (45, 'INFORMATICA');
INSERT INTO belong (id_course, field_name) VALUES (46, 'TECNICA DELLA RIABILITAZIONE PSICHIATRICA');
INSERT INTO belong (id_course, field_name) VALUES (47, 'LETTERE');
INSERT INTO belong (id_course, field_name) VALUES (48, 'ECONOMIA AZIENDALE');
INSERT INTO belong (id_course, field_name) VALUES (49, 'SCIENZE INTERNAZIONALI E DIPLOMATICHE');
INSERT INTO belong (id_course, field_name) VALUES (50, 'SCIENZE E CULTURE AGROALIMENTARI DEL MEDITERRANEO');


INSERT INTO follow (email_user, id_course) VALUES ('sbeccaria@example.net', 42);
INSERT INTO follow (email_user, id_course) VALUES ('gcasellati@example.net', 19);
INSERT INTO follow (email_user, id_course) VALUES ('gcasellati@example.net', 28);
INSERT INTO follow (email_user, id_course) VALUES ('liverottimirko@example.com', 14);
INSERT INTO follow (email_user, id_course) VALUES ('rodolfo92@example.org', 42);
INSERT INTO follow (email_user, id_course) VALUES ('patriziotravaglia@example.org', 39);
INSERT INTO follow (email_user, id_course) VALUES ('cantimoricarolina@example.net', 14);
INSERT INTO follow (email_user, id_course) VALUES ('hdandolo@example.net', 17);
INSERT INTO follow (email_user, id_course) VALUES ('griselda72@example.org', 32);
INSERT INTO follow (email_user, id_course) VALUES ('gianluigibaracca@example.org', 6);
INSERT INTO follow (email_user, id_course) VALUES ('taliercioisa@example.com', 41);
INSERT INTO follow (email_user, id_course) VALUES ('cagnottomelissa@example.org', 7);
INSERT INTO follow (email_user, id_course) VALUES ('gcasellati@example.net', 49);
INSERT INTO follow (email_user, id_course) VALUES ('calogeroiadanza@example.net', 36);
INSERT INTO follow (email_user, id_course) VALUES ('caterina59@example.com', 38);
INSERT INTO follow (email_user, id_course) VALUES ('calogeroiadanza@example.net', 48);
INSERT INTO follow (email_user, id_course) VALUES ('cantimoricarolina@example.net', 32);
INSERT INTO follow (email_user, id_course) VALUES ('liverottimirko@example.com', 1);
INSERT INTO follow (email_user, id_course) VALUES ('egaltarossa@example.org', 34);
INSERT INTO follow (email_user, id_course) VALUES ('barzinielvira@example.net', 43);
INSERT INTO follow (email_user, id_course) VALUES ('sandicamilla@example.net', 47);
INSERT INTO follow (email_user, id_course) VALUES ('calogeroiadanza@example.net', 29);
INSERT INTO follow (email_user, id_course) VALUES ('marisa77@example.com', 22);
INSERT INTO follow (email_user, id_course) VALUES ('caterina59@example.com', 28);
INSERT INTO follow (email_user, id_course) VALUES ('cagnottomelissa@example.org', 3);
INSERT INTO follow (email_user, id_course) VALUES ('paola50@example.org', 8);
INSERT INTO follow (email_user, id_course) VALUES ('martino45@example.com', 42);
INSERT INTO follow (email_user, id_course) VALUES ('renata45@example.com', 33);
INSERT INTO follow (email_user, id_course) VALUES ('martino45@example.com', 48);
INSERT INTO follow (email_user, id_course) VALUES ('gcasellati@example.net', 2);
INSERT INTO follow (email_user, id_course) VALUES ('ramonadibiasi@example.org', 42);
INSERT INTO follow (email_user, id_course) VALUES ('fbosurgi@example.org', 13);
INSERT INTO follow (email_user, id_course) VALUES ('paola50@example.org', 26);
INSERT INTO follow (email_user, id_course) VALUES ('kvolta@example.net', 9);
INSERT INTO follow (email_user, id_course) VALUES ('xforza@example.net', 42);
INSERT INTO follow (email_user, id_course) VALUES ('froth@example.com', 39);
INSERT INTO follow (email_user, id_course) VALUES ('calogeroiadanza@example.net', 4);
INSERT INTO follow (email_user, id_course) VALUES ('renata45@example.com', 2);
INSERT INTO follow (email_user, id_course) VALUES ('fbosurgi@example.org', 43);
INSERT INTO follow (email_user, id_course) VALUES ('gcasellati@example.net', 35);
INSERT INTO follow (email_user, id_course) VALUES ('wbattelli@example.net', 2);
INSERT INTO follow (email_user, id_course) VALUES ('stellaiannuzzi@example.org', 8);
INSERT INTO follow (email_user, id_course) VALUES ('griselda72@example.org', 27);
INSERT INTO follow (email_user, id_course) VALUES ('kvolta@example.net', 30);
INSERT INTO follow (email_user, id_course) VALUES ('kvolta@example.net', 42);
INSERT INTO follow (email_user, id_course) VALUES ('sbeccaria@example.net', 12);
INSERT INTO follow (email_user, id_course) VALUES ('sandro90@example.org', 29);
INSERT INTO follow (email_user, id_course) VALUES ('tcicala@example.com', 5);


INSERT INTO evaluate (email_user, id_course, feedback, vote) VALUES ('sbeccaria@example.net', 42, 'NULL',4.5);
INSERT INTO evaluate (email_user, id_course, feedback, vote) VALUES ('gcasellati@example.net', 19, 'NULL',2.2);
INSERT INTO evaluate (email_user, id_course, feedback, vote) VALUES ('gcasellati@example.net', 28, 'NULL',2.2);
INSERT INTO evaluate (email_user, id_course, feedback, vote) VALUES ('liverottimirko@example.com', 14, 'NULL',1.6);
INSERT INTO evaluate (email_user, id_course, feedback, vote) VALUES ('rodolfo92@example.org', 42, 'NULL',1.5);
INSERT INTO evaluate (email_user, id_course, feedback, vote) VALUES ('patriziotravaglia@example.org', 39, 'NULL',4.0);
INSERT INTO evaluate (email_user, id_course, feedback, vote) VALUES ('cantimoricarolina@example.net', 14, 'NULL',3.0);
INSERT INTO evaluate (email_user, id_course, feedback, vote) VALUES ('hdandolo@example.net', 17, 'NULL',3.6);
INSERT INTO evaluate (email_user, id_course, feedback, vote) VALUES ('griselda72@example.org', 32, 'NULL',2.9);
INSERT INTO evaluate (email_user, id_course, feedback, vote) VALUES ('gianluigibaracca@example.org', 6, 'NULL',2.1);
INSERT INTO evaluate (email_user, id_course, feedback, vote) VALUES ('taliercioisa@example.com', 41, 'NULL',3.1);
INSERT INTO evaluate (email_user, id_course, feedback, vote) VALUES ('cagnottomelissa@example.org', 7, 'NULL',3.4);
INSERT INTO evaluate (email_user, id_course, feedback, vote) VALUES ('gcasellati@example.net', 49, 'NULL',2.7);
INSERT INTO evaluate (email_user, id_course, feedback, vote) VALUES ('calogeroiadanza@example.net', 36, 'NULL',2.0);
INSERT INTO evaluate (email_user, id_course, feedback, vote) VALUES ('caterina59@example.com', 38, 'NULL',3.8);
INSERT INTO evaluate (email_user, id_course, feedback, vote) VALUES ('calogeroiadanza@example.net', 48, 'NULL',0.4);
INSERT INTO evaluate (email_user, id_course, feedback, vote) VALUES ('cantimoricarolina@example.net', 32, 'NULL',2.7);
INSERT INTO evaluate (email_user, id_course, feedback, vote) VALUES ('liverottimirko@example.com', 1, 'NULL',1.6);
INSERT INTO evaluate (email_user, id_course, feedback, vote) VALUES ('egaltarossa@example.org', 34, 'NULL',4.8);
INSERT INTO evaluate (email_user, id_course, feedback, vote) VALUES ('barzinielvira@example.net', 43, 'NULL',2.1);
INSERT INTO evaluate (email_user, id_course, feedback, vote) VALUES ('sandicamilla@example.net', 47, 'NULL',0.0);
INSERT INTO evaluate (email_user, id_course, feedback, vote) VALUES ('calogeroiadanza@example.net', 29, 'NULL',0.6);
INSERT INTO evaluate (email_user, id_course, feedback, vote) VALUES ('marisa77@example.com', 22, 'NULL',1.5);
INSERT INTO evaluate (email_user, id_course, feedback, vote) VALUES ('caterina59@example.com', 28, 'NULL',4.1);
INSERT INTO evaluate (email_user, id_course, feedback, vote) VALUES ('cagnottomelissa@example.org', 3, 'NULL',2.2);
INSERT INTO evaluate (email_user, id_course, feedback, vote) VALUES ('paola50@example.org', 8, 'NULL',2.7);
INSERT INTO evaluate (email_user, id_course, feedback, vote) VALUES ('martino45@example.com', 42, 'NULL',4.5);
INSERT INTO evaluate (email_user, id_course, feedback, vote) VALUES ('renata45@example.com', 33, 'NULL',0.7);
INSERT INTO evaluate (email_user, id_course, feedback, vote) VALUES ('martino45@example.com', 48, 'NULL',2.2);
INSERT INTO evaluate (email_user, id_course, feedback, vote) VALUES ('gcasellati@example.net', 2, 'NULL',1.2);
INSERT INTO evaluate (email_user, id_course, feedback, vote) VALUES ('ramonadibiasi@example.org', 42, 'NULL',1.4);
INSERT INTO evaluate (email_user, id_course, feedback, vote) VALUES ('fbosurgi@example.org', 13, 'NULL',3.2);
INSERT INTO evaluate (email_user, id_course, feedback, vote) VALUES ('paola50@example.org', 26, 'NULL',2.4);
INSERT INTO evaluate (email_user, id_course, feedback, vote) VALUES ('kvolta@example.net', 9, 'NULL',3.2);
INSERT INTO evaluate (email_user, id_course, feedback, vote) VALUES ('xforza@example.net', 42, 'NULL',4.2);
INSERT INTO evaluate (email_user, id_course, feedback, vote) VALUES ('froth@example.com', 39, 'NULL',1.6);
INSERT INTO evaluate (email_user, id_course, feedback, vote) VALUES ('calogeroiadanza@example.net', 4, 'NULL',1.3);
INSERT INTO evaluate (email_user, id_course, feedback, vote) VALUES ('renata45@example.com', 2, 'NULL',3.4);
INSERT INTO evaluate (email_user, id_course, feedback, vote) VALUES ('fbosurgi@example.org', 43, 'NULL',4.3);
INSERT INTO evaluate (email_user, id_course, feedback, vote) VALUES ('gcasellati@example.net', 35, 'NULL',0.5);
INSERT INTO evaluate (email_user, id_course, feedback, vote) VALUES ('wbattelli@example.net', 2, 'NULL',0.7);
INSERT INTO evaluate (email_user, id_course, feedback, vote) VALUES ('stellaiannuzzi@example.org', 8, 'NULL',2.6);
INSERT INTO evaluate (email_user, id_course, feedback, vote) VALUES ('griselda72@example.org', 27, 'NULL',2.7);
INSERT INTO evaluate (email_user, id_course, feedback, vote) VALUES ('kvolta@example.net', 30, 'NULL',0.4);
INSERT INTO evaluate (email_user, id_course, feedback, vote) VALUES ('kvolta@example.net', 42, 'NULL',2.8);
INSERT INTO evaluate (email_user, id_course, feedback, vote) VALUES ('sbeccaria@example.net', 12, 'NULL',2.0);
INSERT INTO evaluate (email_user, id_course, feedback, vote) VALUES ('sandro90@example.org', 29, 'NULL',0.1);
INSERT INTO evaluate (email_user, id_course, feedback, vote) VALUES ('tcicala@example.com', 5, 'NULL',4.8);


INSERT INTO teach (email_user, id_course) VALUES ('trentingianna@example.com', 47);
INSERT INTO teach (email_user, id_course) VALUES ('giannacilea@example.net', 14);
INSERT INTO teach (email_user, id_course) VALUES ('giannacilea@example.net', 20);
INSERT INTO teach (email_user, id_course) VALUES ('froth@example.com', 23);
INSERT INTO teach (email_user, id_course) VALUES ('wschicchi@example.net', 32);
INSERT INTO teach (email_user, id_course) VALUES ('cantimoricarolina@example.net', 36);
INSERT INTO teach (email_user, id_course) VALUES ('interminelliilaria@example.org', 39);
INSERT INTO teach (email_user, id_course) VALUES ('ramonadibiasi@example.org', 4);
INSERT INTO teach (email_user, id_course) VALUES ('salvimimun@example.net', 24);
INSERT INTO teach (email_user, id_course) VALUES ('rodolfo92@example.org', 48);
INSERT INTO teach (email_user, id_course) VALUES ('cagnottomelissa@example.org', 4);
INSERT INTO teach (email_user, id_course) VALUES ('fbosurgi@example.org', 2);
INSERT INTO teach (email_user, id_course) VALUES ('paolucciaugusto@example.com', 47);
INSERT INTO teach (email_user, id_course) VALUES ('brogginililla@example.com', 47);
INSERT INTO teach (email_user, id_course) VALUES ('valerio93@example.com', 49);
INSERT INTO teach (email_user, id_course) VALUES ('liverottimirko@example.com', 41);
INSERT INTO teach (email_user, id_course) VALUES ('griselda72@example.org', 47);
INSERT INTO teach (email_user, id_course) VALUES ('cantimoricarolina@example.net', 32);
INSERT INTO teach (email_user, id_course) VALUES ('bernardiugolino@example.com', 20);
INSERT INTO teach (email_user, id_course) VALUES ('mduse@example.org', 6);
INSERT INTO teach (email_user, id_course) VALUES ('bernardiugolino@example.com', 23);
INSERT INTO teach (email_user, id_course) VALUES ('sandicamilla@example.net', 26);
INSERT INTO teach (email_user, id_course) VALUES ('griselda72@example.org', 4);
INSERT INTO teach (email_user, id_course) VALUES ('salvimimun@example.net', 17);
INSERT INTO teach (email_user, id_course) VALUES ('donna31@example.com', 3);
INSERT INTO teach (email_user, id_course) VALUES ('giolittigiorgio@example.org', 16);
INSERT INTO teach (email_user, id_course) VALUES ('caterina59@example.com', 34);
INSERT INTO teach (email_user, id_course) VALUES ('biancacrispi@example.net', 6);
INSERT INTO teach (email_user, id_course) VALUES ('cantimoricarolina@example.net', 19);
INSERT INTO teach (email_user, id_course) VALUES ('gianluigibaracca@example.org', 14);
INSERT INTO teach (email_user, id_course) VALUES ('biancacrispi@example.net', 9);
INSERT INTO teach (email_user, id_course) VALUES ('caterina59@example.com', 46);
INSERT INTO teach (email_user, id_course) VALUES ('ramonadibiasi@example.org', 42);
INSERT INTO teach (email_user, id_course) VALUES ('cantimoricarolina@example.net', 31);
INSERT INTO teach (email_user, id_course) VALUES ('renata45@example.com', 30);
INSERT INTO teach (email_user, id_course) VALUES ('romanabarese@example.net', 15);
INSERT INTO teach (email_user, id_course) VALUES ('patriziotravaglia@example.org', 4);
INSERT INTO teach (email_user, id_course) VALUES ('cantimoricarolina@example.net', 37);
INSERT INTO teach (email_user, id_course) VALUES ('fbosurgi@example.org', 31);
INSERT INTO teach (email_user, id_course) VALUES ('egaltarossa@example.org', 24);
INSERT INTO teach (email_user, id_course) VALUES ('liverottimirko@example.com', 12);
INSERT INTO teach (email_user, id_course) VALUES ('marisa77@example.com', 12);
INSERT INTO teach (email_user, id_course) VALUES ('griselda72@example.org', 18);
INSERT INTO teach (email_user, id_course) VALUES ('renata45@example.com', 5);
INSERT INTO teach (email_user, id_course) VALUES ('gcasellati@example.net', 32);
INSERT INTO teach (email_user, id_course) VALUES ('arturorubbia@example.net', 31);
INSERT INTO teach (email_user, id_course) VALUES ('paolucciaugusto@example.com', 39);
INSERT INTO teach (email_user, id_course) VALUES ('froth@example.com', 2);
INSERT INTO teach (email_user, id_course) VALUES ('griselda72@example.org', 30);
